timestamp,store_id,sku_id,actual_sales,predicted_demand,difference,abs_error
2025-12-07 00:00:00,ST_DUBAI_HYPER_01,SKU_101,0,1.0,1.0,1.0
2025-12-07 01:00:00,ST_DUBAI_HYPER_01,SKU_101,0,1.0,1.0,1.0
2025-12-07 02:00:00,ST_DUBAI_HYPER_01,SKU_101,0,1.0,1.0,1.0
2025-12-07 03:00:00,ST_DUBAI_HYPER_01,SKU_101,1,1.0,0.0,0.0
2025-12-07 04:00:00,ST_DUBAI_HYPER_01,SKU_101,2,1.0,-1.0,1.0
2025-12-07 05:00:00,ST_DUBAI_HYPER_01,SKU_101,3,1.0,-2.0,2.0
2025-12-07 06:00:00,ST_DUBAI_HYPER_01,SKU_101,4,1.0,-3.0,3.0
2025-12-07 07:00:00,ST_DUBAI_HYPER_01,SKU_101,4,1.0,-3.0,3.0
2025-12-07 08:00:00,ST_DUBAI_HYPER_01,SKU_101,1,1.0,0.0,0.0
2025-12-07 09:00:00,ST_DUBAI_HYPER_01,SKU_101,4,1.0,-3.0,3.0
2025-12-07 10:00:00,ST_DUBAI_HYPER_01,SKU_101,1,1.0,0.0,0.0
2025-12-07 11:00:00,ST_DUBAI_HYPER_01,SKU_101,5,1.0,-4.0,4.0
2025-12-07 12:00:00,ST_DUBAI_HYPER_01,SKU_101,2,1.0,-1.0,1.0
2025-12-07 13:00:00,ST_DUBAI_HYPER_01,SKU_101,6,1.0,-5.0,5.0
2025-12-07 14:00:00,ST_DUBAI_HYPER_01,SKU_101,3,1.0,-2.0,2.0
2025-12-07 15:00:00,ST_DUBAI_HYPER_01,SKU_101,1,1.0,0.0,0.0
2025-12-07 16:00:00,ST_DUBAI_HYPER_01,SKU_101,1,1.0,0.0,0.0
2025-12-07 17:00:00,ST_DUBAI_HYPER_01,SKU_101,2,1.0,-1.0,1.0
2025-12-07 18:00:00,ST_DUBAI_HYPER_01,SKU_101,10,1.0,-9.0,9.0
2025-12-07 19:00:00,ST_DUBAI_HYPER_01,SKU_101,10,1.0,-9.0,9.0
2025-12-07 20:00:00,ST_DUBAI_HYPER_01,SKU_101,11,1.0,-10.0,10.0
2025-12-07 21:00:00,ST_DUBAI_HYPER_01,SKU_101,9,1.0,-8.0,8.0
2025-12-07 22:00:00,ST_DUBAI_HYPER_01,SKU_101,4,1.0,-3.0,3.0
2025-12-07 23:00:00,ST_DUBAI_HYPER_01,SKU_101,1,1.0,0.0,0.0
2025-12-07 00:00:00,ST_DUBAI_HYPER_01,SKU_102,4,4.0,0.0,0.0
2025-12-07 01:00:00,ST_DUBAI_HYPER_01,SKU_102,2,4.0,2.0,2.0
2025-12-07 02:00:00,ST_DUBAI_HYPER_01,SKU_102,3,4.0,1.0,1.0
2025-12-07 03:00:00,ST_DUBAI_HYPER_01,SKU_102,1,5.0,4.0,4.0
2025-12-07 04:00:00,ST_DUBAI_HYPER_01,SKU_102,3,5.0,2.0,2.0
2025-12-07 05:00:00,ST_DUBAI_HYPER_01,SKU_102,7,5.0,-2.0,2.0
2025-12-07 06:00:00,ST_DUBAI_HYPER_01,SKU_102,2,5.0,3.0,3.0
2025-12-07 07:00:00,ST_DUBAI_HYPER_01,SKU_102,1,5.0,4.0,4.0
2025-12-07 08:00:00,ST_DUBAI_HYPER_01,SKU_102,4,5.0,1.0,1.0
2025-12-07 09:00:00,ST_DUBAI_HYPER_01,SKU_102,0,5.0,5.0,5.0
2025-12-07 10:00:00,ST_DUBAI_HYPER_01,SKU_102,0,5.0,5.0,5.0
2025-12-07 11:00:00,ST_DUBAI_HYPER_01,SKU_102,0,5.0,5.0,5.0
2025-12-07 12:00:00,ST_DUBAI_HYPER_01,SKU_102,0,5.0,5.0,5.0
2025-12-07 13:00:00,ST_DUBAI_HYPER_01,SKU_102,0,5.0,5.0,5.0
2025-12-07 14:00:00,ST_DUBAI_HYPER_01,SKU_102,4,5.0,1.0,1.0
2025-12-07 15:00:00,ST_DUBAI_HYPER_01,SKU_102,0,5.0,5.0,5.0
2025-12-07 16:00:00,ST_DUBAI_HYPER_01,SKU_102,0,5.0,5.0,5.0
2025-12-07 17:00:00,ST_DUBAI_HYPER_01,SKU_102,4,5.0,1.0,1.0
2025-12-07 18:00:00,ST_DUBAI_HYPER_01,SKU_102,5,5.0,0.0,0.0
2025-12-07 19:00:00,ST_DUBAI_HYPER_01,SKU_102,8,5.0,-3.0,3.0
2025-12-07 20:00:00,ST_DUBAI_HYPER_01,SKU_102,7,5.0,-2.0,2.0
2025-12-07 21:00:00,ST_DUBAI_HYPER_01,SKU_102,6,5.0,-1.0,1.0
2025-12-07 22:00:00,ST_DUBAI_HYPER_01,SKU_102,2,4.0,2.0,2.0
2025-12-07 23:00:00,ST_DUBAI_HYPER_01,SKU_102,0,3.0,3.0,3.0
2025-12-07 00:00:00,ST_DUBAI_HYPER_01,SKU_103,4,7.0,3.0,3.0
2025-12-07 01:00:00,ST_DUBAI_HYPER_01,SKU_103,7,7.0,0.0,0.0
2025-12-07 02:00:00,ST_DUBAI_HYPER_01,SKU_103,4,7.0,3.0,3.0
2025-12-07 03:00:00,ST_DUBAI_HYPER_01,SKU_103,3,8.0,5.0,5.0
2025-12-07 04:00:00,ST_DUBAI_HYPER_01,SKU_103,2,8.0,6.0,6.0
2025-12-07 05:00:00,ST_DUBAI_HYPER_01,SKU_103,5,8.0,3.0,3.0
2025-12-07 06:00:00,ST_DUBAI_HYPER_01,SKU_103,1,8.0,7.0,7.0
2025-12-07 07:00:00,ST_DUBAI_HYPER_01,SKU_103,2,8.0,6.0,6.0
2025-12-07 08:00:00,ST_DUBAI_HYPER_01,SKU_103,0,8.0,8.0,8.0
2025-12-07 09:00:00,ST_DUBAI_HYPER_01,SKU_103,0,8.0,8.0,8.0
2025-12-07 10:00:00,ST_DUBAI_HYPER_01,SKU_103,0,8.0,8.0,8.0
2025-12-07 11:00:00,ST_DUBAI_HYPER_01,SKU_103,0,8.0,8.0,8.0
2025-12-07 12:00:00,ST_DUBAI_HYPER_01,SKU_103,0,8.0,8.0,8.0
2025-12-07 13:00:00,ST_DUBAI_HYPER_01,SKU_103,0,8.0,8.0,8.0
2025-12-07 14:00:00,ST_DUBAI_HYPER_01,SKU_103,0,8.0,8.0,8.0
2025-12-07 15:00:00,ST_DUBAI_HYPER_01,SKU_103,0,8.0,8.0,8.0
2025-12-07 16:00:00,ST_DUBAI_HYPER_01,SKU_103,2,8.0,6.0,6.0
2025-12-07 17:00:00,ST_DUBAI_HYPER_01,SKU_103,4,8.0,4.0,4.0
2025-12-07 18:00:00,ST_DUBAI_HYPER_01,SKU_103,4,8.0,4.0,4.0
2025-12-07 19:00:00,ST_DUBAI_HYPER_01,SKU_103,7,8.0,1.0,1.0
2025-12-07 20:00:00,ST_DUBAI_HYPER_01,SKU_103,11,8.0,-3.0,3.0
2025-12-07 21:00:00,ST_DUBAI_HYPER_01,SKU_103,6,8.0,2.0,2.0
2025-12-07 22:00:00,ST_DUBAI_HYPER_01,SKU_103,4,6.0,2.0,2.0
2025-12-07 23:00:00,ST_DUBAI_HYPER_01,SKU_103,2,6.0,4.0,4.0
2025-12-07 00:00:00,ST_DUBAI_HYPER_01,SKU_201,0,1.0,1.0,1.0
2025-12-07 01:00:00,ST_DUBAI_HYPER_01,SKU_201,0,1.0,1.0,1.0
2025-12-07 02:00:00,ST_DUBAI_HYPER_01,SKU_201,0,1.0,1.0,1.0
2025-12-07 03:00:00,ST_DUBAI_HYPER_01,SKU_201,0,1.0,1.0,1.0
2025-12-07 04:00:00,ST_DUBAI_HYPER_01,SKU_201,0,1.0,1.0,1.0
2025-12-07 05:00:00,ST_DUBAI_HYPER_01,SKU_201,0,1.0,1.0,1.0
2025-12-07 06:00:00,ST_DUBAI_HYPER_01,SKU_201,0,1.0,1.0,1.0
2025-12-07 07:00:00,ST_DUBAI_HYPER_01,SKU_201,0,1.0,1.0,1.0
2025-12-07 08:00:00,ST_DUBAI_HYPER_01,SKU_201,0,1.0,1.0,1.0
2025-12-07 09:00:00,ST_DUBAI_HYPER_01,SKU_201,0,1.0,1.0,1.0
2025-12-07 10:00:00,ST_DUBAI_HYPER_01,SKU_201,0,1.0,1.0,1.0
2025-12-07 11:00:00,ST_DUBAI_HYPER_01,SKU_201,0,1.0,1.0,1.0
2025-12-07 12:00:00,ST_DUBAI_HYPER_01,SKU_201,0,1.0,1.0,1.0
2025-12-07 13:00:00,ST_DUBAI_HYPER_01,SKU_201,0,1.0,1.0,1.0
2025-12-07 14:00:00,ST_DUBAI_HYPER_01,SKU_201,0,1.0,1.0,1.0
2025-12-07 15:00:00,ST_DUBAI_HYPER_01,SKU_201,0,1.0,1.0,1.0
2025-12-07 16:00:00,ST_DUBAI_HYPER_01,SKU_201,0,1.0,1.0,1.0
2025-12-07 17:00:00,ST_DUBAI_HYPER_01,SKU_201,0,1.0,1.0,1.0
2025-12-07 18:00:00,ST_DUBAI_HYPER_01,SKU_201,0,1.0,1.0,1.0
2025-12-07 19:00:00,ST_DUBAI_HYPER_01,SKU_201,0,1.0,1.0,1.0
2025-12-07 20:00:00,ST_DUBAI_HYPER_01,SKU_201,0,1.0,1.0,1.0
2025-12-07 21:00:00,ST_DUBAI_HYPER_01,SKU_201,0,1.0,1.0,1.0
2025-12-07 22:00:00,ST_DUBAI_HYPER_01,SKU_201,0,1.0,1.0,1.0
2025-12-07 23:00:00,ST_DUBAI_HYPER_01,SKU_201,0,1.0,1.0,1.0
2025-12-07 00:00:00,ST_DUBAI_HYPER_01,SKU_202,2,5.0,3.0,3.0
2025-12-07 01:00:00,ST_DUBAI_HYPER_01,SKU_202,2,5.0,3.0,3.0
2025-12-07 02:00:00,ST_DUBAI_HYPER_01,SKU_202,2,5.0,3.0,3.0
2025-12-07 03:00:00,ST_DUBAI_HYPER_01,SKU_202,2,5.0,3.0,3.0
2025-12-07 04:00:00,ST_DUBAI_HYPER_01,SKU_202,2,5.0,3.0,3.0
2025-12-07 05:00:00,ST_DUBAI_HYPER_01,SKU_202,1,5.0,4.0,4.0
2025-12-07 06:00:00,ST_DUBAI_HYPER_01,SKU_202,8,5.0,-3.0,3.0
2025-12-07 07:00:00,ST_DUBAI_HYPER_01,SKU_202,2,5.0,3.0,3.0
2025-12-07 08:00:00,ST_DUBAI_HYPER_01,SKU_202,8,6.0,-2.0,2.0
2025-12-07 09:00:00,ST_DUBAI_HYPER_01,SKU_202,5,6.0,1.0,1.0
2025-12-07 10:00:00,ST_DUBAI_HYPER_01,SKU_202,6,6.0,0.0,0.0
2025-12-07 11:00:00,ST_DUBAI_HYPER_01,SKU_202,3,6.0,3.0,3.0
2025-12-07 12:00:00,ST_DUBAI_HYPER_01,SKU_202,0,6.0,6.0,6.0
2025-12-07 13:00:00,ST_DUBAI_HYPER_01,SKU_202,0,6.0,6.0,6.0
2025-12-07 14:00:00,ST_DUBAI_HYPER_01,SKU_202,2,6.0,4.0,4.0
2025-12-07 15:00:00,ST_DUBAI_HYPER_01,SKU_202,2,6.0,4.0,4.0
2025-12-07 16:00:00,ST_DUBAI_HYPER_01,SKU_202,4,7.0,3.0,3.0
2025-12-07 17:00:00,ST_DUBAI_HYPER_01,SKU_202,8,7.0,-1.0,1.0
2025-12-07 18:00:00,ST_DUBAI_HYPER_01,SKU_202,4,7.0,3.0,3.0
2025-12-07 19:00:00,ST_DUBAI_HYPER_01,SKU_202,8,7.0,-1.0,1.0
2025-12-07 20:00:00,ST_DUBAI_HYPER_01,SKU_202,4,7.0,3.0,3.0
2025-12-07 21:00:00,ST_DUBAI_HYPER_01,SKU_202,6,7.0,1.0,1.0
2025-12-07 22:00:00,ST_DUBAI_HYPER_01,SKU_202,5,5.0,0.0,0.0
2025-12-07 23:00:00,ST_DUBAI_HYPER_01,SKU_202,5,5.0,0.0,0.0
2025-12-07 00:00:00,ST_DUBAI_HYPER_01,SKU_301,3,7.0,4.0,4.0
2025-12-07 01:00:00,ST_DUBAI_HYPER_01,SKU_301,0,7.0,7.0,7.0
2025-12-07 02:00:00,ST_DUBAI_HYPER_01,SKU_301,0,7.0,7.0,7.0
2025-12-07 03:00:00,ST_DUBAI_HYPER_01,SKU_301,0,7.0,7.0,7.0
2025-12-07 04:00:00,ST_DUBAI_HYPER_01,SKU_301,0,7.0,7.0,7.0
2025-12-07 05:00:00,ST_DUBAI_HYPER_01,SKU_301,0,7.0,7.0,7.0
2025-12-07 06:00:00,ST_DUBAI_HYPER_01,SKU_301,0,7.0,7.0,7.0
2025-12-07 07:00:00,ST_DUBAI_HYPER_01,SKU_301,0,7.0,7.0,7.0
2025-12-07 08:00:00,ST_DUBAI_HYPER_01,SKU_301,0,7.0,7.0,7.0
2025-12-07 09:00:00,ST_DUBAI_HYPER_01,SKU_301,0,7.0,7.0,7.0
2025-12-07 10:00:00,ST_DUBAI_HYPER_01,SKU_301,0,8.0,8.0,8.0
2025-12-07 11:00:00,ST_DUBAI_HYPER_01,SKU_301,0,8.0,8.0,8.0
2025-12-07 12:00:00,ST_DUBAI_HYPER_01,SKU_301,10,8.0,-2.0,2.0
2025-12-07 13:00:00,ST_DUBAI_HYPER_01,SKU_301,8,8.0,0.0,0.0
2025-12-07 14:00:00,ST_DUBAI_HYPER_01,SKU_301,9,8.0,-1.0,1.0
2025-12-07 15:00:00,ST_DUBAI_HYPER_01,SKU_301,6,8.0,2.0,2.0
2025-12-07 16:00:00,ST_DUBAI_HYPER_01,SKU_301,3,8.0,5.0,5.0
2025-12-07 17:00:00,ST_DUBAI_HYPER_01,SKU_301,3,8.0,5.0,5.0
2025-12-07 18:00:00,ST_DUBAI_HYPER_01,SKU_301,17,8.0,-9.0,9.0
2025-12-07 19:00:00,ST_DUBAI_HYPER_01,SKU_301,6,8.0,2.0,2.0
2025-12-07 20:00:00,ST_DUBAI_HYPER_01,SKU_301,0,7.0,7.0,7.0
2025-12-07 21:00:00,ST_DUBAI_HYPER_01,SKU_301,0,7.0,7.0,7.0
2025-12-07 22:00:00,ST_DUBAI_HYPER_01,SKU_301,0,6.0,6.0,6.0
2025-12-07 23:00:00,ST_DUBAI_HYPER_01,SKU_301,0,6.0,6.0,6.0
2025-12-07 00:00:00,ST_DUBAI_HYPER_01,SKU_302,0,1.0,1.0,1.0
2025-12-07 01:00:00,ST_DUBAI_HYPER_01,SKU_302,0,1.0,1.0,1.0
2025-12-07 02:00:00,ST_DUBAI_HYPER_01,SKU_302,0,1.0,1.0,1.0
2025-12-07 03:00:00,ST_DUBAI_HYPER_01,SKU_302,0,1.0,1.0,1.0
2025-12-07 04:00:00,ST_DUBAI_HYPER_01,SKU_302,0,1.0,1.0,1.0
2025-12-07 05:00:00,ST_DUBAI_HYPER_01,SKU_302,0,1.0,1.0,1.0
2025-12-07 06:00:00,ST_DUBAI_HYPER_01,SKU_302,0,1.0,1.0,1.0
2025-12-07 07:00:00,ST_DUBAI_HYPER_01,SKU_302,0,1.0,1.0,1.0
2025-12-07 08:00:00,ST_DUBAI_HYPER_01,SKU_302,0,1.0,1.0,1.0
2025-12-07 09:00:00,ST_DUBAI_HYPER_01,SKU_302,0,1.0,1.0,1.0
2025-12-07 10:00:00,ST_DUBAI_HYPER_01,SKU_302,0,1.0,1.0,1.0
2025-12-07 11:00:00,ST_DUBAI_HYPER_01,SKU_302,0,1.0,1.0,1.0
2025-12-07 12:00:00,ST_DUBAI_HYPER_01,SKU_302,0,1.0,1.0,1.0
2025-12-07 13:00:00,ST_DUBAI_HYPER_01,SKU_302,0,1.0,1.0,1.0
2025-12-07 14:00:00,ST_DUBAI_HYPER_01,SKU_302,0,1.0,1.0,1.0
2025-12-07 15:00:00,ST_DUBAI_HYPER_01,SKU_302,0,1.0,1.0,1.0
2025-12-07 16:00:00,ST_DUBAI_HYPER_01,SKU_302,0,1.0,1.0,1.0
2025-12-07 17:00:00,ST_DUBAI_HYPER_01,SKU_302,0,1.0,1.0,1.0
2025-12-07 18:00:00,ST_DUBAI_HYPER_01,SKU_302,0,1.0,1.0,1.0
2025-12-07 19:00:00,ST_DUBAI_HYPER_01,SKU_302,0,1.0,1.0,1.0
2025-12-07 20:00:00,ST_DUBAI_HYPER_01,SKU_302,6,1.0,-5.0,5.0
2025-12-07 21:00:00,ST_DUBAI_HYPER_01,SKU_302,5,1.0,-4.0,4.0
2025-12-07 22:00:00,ST_DUBAI_HYPER_01,SKU_302,7,1.0,-6.0,6.0
2025-12-07 23:00:00,ST_DUBAI_HYPER_01,SKU_302,4,1.0,-3.0,3.0
2025-12-07 00:00:00,ST_DUBAI_HYPER_01,SKU_303,1,5.0,4.0,4.0
2025-12-07 01:00:00,ST_DUBAI_HYPER_01,SKU_303,1,5.0,4.0,4.0
2025-12-07 02:00:00,ST_DUBAI_HYPER_01,SKU_303,2,5.0,3.0,3.0
2025-12-07 03:00:00,ST_DUBAI_HYPER_01,SKU_303,4,5.0,1.0,1.0
2025-12-07 04:00:00,ST_DUBAI_HYPER_01,SKU_303,0,5.0,5.0,5.0
2025-12-07 05:00:00,ST_DUBAI_HYPER_01,SKU_303,1,5.0,4.0,4.0
2025-12-07 06:00:00,ST_DUBAI_HYPER_01,SKU_303,0,5.0,5.0,5.0
2025-12-07 07:00:00,ST_DUBAI_HYPER_01,SKU_303,0,5.0,5.0,5.0
2025-12-07 08:00:00,ST_DUBAI_HYPER_01,SKU_303,0,5.0,5.0,5.0
2025-12-07 09:00:00,ST_DUBAI_HYPER_01,SKU_303,0,6.0,6.0,6.0
2025-12-07 10:00:00,ST_DUBAI_HYPER_01,SKU_303,0,7.0,7.0,7.0
2025-12-07 11:00:00,ST_DUBAI_HYPER_01,SKU_303,0,7.0,7.0,7.0
2025-12-07 12:00:00,ST_DUBAI_HYPER_01,SKU_303,0,7.0,7.0,7.0
2025-12-07 13:00:00,ST_DUBAI_HYPER_01,SKU_303,0,7.0,7.0,7.0
2025-12-07 14:00:00,ST_DUBAI_HYPER_01,SKU_303,0,7.0,7.0,7.0
2025-12-07 15:00:00,ST_DUBAI_HYPER_01,SKU_303,5,7.0,2.0,2.0
2025-12-07 16:00:00,ST_DUBAI_HYPER_01,SKU_303,2,7.0,5.0,5.0
2025-12-07 17:00:00,ST_DUBAI_HYPER_01,SKU_303,4,7.0,3.0,3.0
2025-12-07 18:00:00,ST_DUBAI_HYPER_01,SKU_303,11,7.0,-4.0,4.0
2025-12-07 19:00:00,ST_DUBAI_HYPER_01,SKU_303,8,7.0,-1.0,1.0
2025-12-07 20:00:00,ST_DUBAI_HYPER_01,SKU_303,0,7.0,7.0,7.0
2025-12-07 21:00:00,ST_DUBAI_HYPER_01,SKU_303,0,7.0,7.0,7.0
2025-12-07 22:00:00,ST_DUBAI_HYPER_01,SKU_303,0,6.0,6.0,6.0
2025-12-07 23:00:00,ST_DUBAI_HYPER_01,SKU_303,0,6.0,6.0,6.0
2025-12-07 00:00:00,ST_DUBAI_HYPER_01,SKU_304,2,4.0,2.0,2.0
2025-12-07 01:00:00,ST_DUBAI_HYPER_01,SKU_304,2,5.0,3.0,3.0
2025-12-07 02:00:00,ST_DUBAI_HYPER_01,SKU_304,0,5.0,5.0,5.0
2025-12-07 03:00:00,ST_DUBAI_HYPER_01,SKU_304,2,5.0,3.0,3.0
2025-12-07 04:00:00,ST_DUBAI_HYPER_01,SKU_304,2,5.0,3.0,3.0
2025-12-07 05:00:00,ST_DUBAI_HYPER_01,SKU_304,2,5.0,3.0,3.0
2025-12-07 06:00:00,ST_DUBAI_HYPER_01,SKU_304,1,5.0,4.0,4.0
2025-12-07 07:00:00,ST_DUBAI_HYPER_01,SKU_304,0,5.0,5.0,5.0
2025-12-07 08:00:00,ST_DUBAI_HYPER_01,SKU_304,1,5.0,4.0,4.0
2025-12-07 09:00:00,ST_DUBAI_HYPER_01,SKU_304,3,6.0,3.0,3.0
2025-12-07 10:00:00,ST_DUBAI_HYPER_01,SKU_304,4,6.0,2.0,2.0
2025-12-07 11:00:00,ST_DUBAI_HYPER_01,SKU_304,6,7.0,1.0,1.0
2025-12-07 12:00:00,ST_DUBAI_HYPER_01,SKU_304,3,7.0,4.0,4.0
2025-12-07 13:00:00,ST_DUBAI_HYPER_01,SKU_304,1,7.0,6.0,6.0
2025-12-07 14:00:00,ST_DUBAI_HYPER_01,SKU_304,6,7.0,1.0,1.0
2025-12-07 15:00:00,ST_DUBAI_HYPER_01,SKU_304,7,6.0,-1.0,1.0
2025-12-07 16:00:00,ST_DUBAI_HYPER_01,SKU_304,2,7.0,5.0,5.0
2025-12-07 17:00:00,ST_DUBAI_HYPER_01,SKU_304,3,7.0,4.0,4.0
2025-12-07 18:00:00,ST_DUBAI_HYPER_01,SKU_304,8,7.0,-1.0,1.0
2025-12-07 19:00:00,ST_DUBAI_HYPER_01,SKU_304,0,7.0,7.0,7.0
2025-12-07 20:00:00,ST_DUBAI_HYPER_01,SKU_304,0,7.0,7.0,7.0
2025-12-07 21:00:00,ST_DUBAI_HYPER_01,SKU_304,9,7.0,-2.0,2.0
2025-12-07 22:00:00,ST_DUBAI_HYPER_01,SKU_304,6,5.0,-1.0,1.0
2025-12-07 23:00:00,ST_DUBAI_HYPER_01,SKU_304,1,5.0,4.0,4.0
2025-12-07 00:00:00,ST_DUBAI_HYPER_01,SKU_305,0,1.0,1.0,1.0
2025-12-07 01:00:00,ST_DUBAI_HYPER_01,SKU_305,0,1.0,1.0,1.0
2025-12-07 02:00:00,ST_DUBAI_HYPER_01,SKU_305,0,1.0,1.0,1.0
2025-12-07 03:00:00,ST_DUBAI_HYPER_01,SKU_305,0,1.0,1.0,1.0
2025-12-07 04:00:00,ST_DUBAI_HYPER_01,SKU_305,0,1.0,1.0,1.0
2025-12-07 05:00:00,ST_DUBAI_HYPER_01,SKU_305,0,1.0,1.0,1.0
2025-12-07 06:00:00,ST_DUBAI_HYPER_01,SKU_305,0,1.0,1.0,1.0
2025-12-07 07:00:00,ST_DUBAI_HYPER_01,SKU_305,0,1.0,1.0,1.0
2025-12-07 08:00:00,ST_DUBAI_HYPER_01,SKU_305,0,1.0,1.0,1.0
2025-12-07 09:00:00,ST_DUBAI_HYPER_01,SKU_305,0,1.0,1.0,1.0
2025-12-07 10:00:00,ST_DUBAI_HYPER_01,SKU_305,0,1.0,1.0,1.0
2025-12-07 11:00:00,ST_DUBAI_HYPER_01,SKU_305,5,1.0,-4.0,4.0
2025-12-07 12:00:00,ST_DUBAI_HYPER_01,SKU_305,2,1.0,-1.0,1.0
2025-12-07 13:00:00,ST_DUBAI_HYPER_01,SKU_305,17,1.0,-16.0,16.0
2025-12-07 14:00:00,ST_DUBAI_HYPER_01,SKU_305,14,1.0,-13.0,13.0
2025-12-07 15:00:00,ST_DUBAI_HYPER_01,SKU_305,4,1.0,-3.0,3.0
2025-12-07 16:00:00,ST_DUBAI_HYPER_01,SKU_305,4,1.0,-3.0,3.0
2025-12-07 17:00:00,ST_DUBAI_HYPER_01,SKU_305,0,1.0,1.0,1.0
2025-12-07 18:00:00,ST_DUBAI_HYPER_01,SKU_305,10,1.0,-9.0,9.0
2025-12-07 19:00:00,ST_DUBAI_HYPER_01,SKU_305,9,1.0,-8.0,8.0
2025-12-07 20:00:00,ST_DUBAI_HYPER_01,SKU_305,5,1.0,-4.0,4.0
2025-12-07 21:00:00,ST_DUBAI_HYPER_01,SKU_305,15,1.0,-14.0,14.0
2025-12-07 22:00:00,ST_DUBAI_HYPER_01,SKU_305,7,1.0,-6.0,6.0
2025-12-07 23:00:00,ST_DUBAI_HYPER_01,SKU_305,0,1.0,1.0,1.0
2025-12-07 00:00:00,ST_DUBAI_HYPER_01,SKU_306,2,1.0,-1.0,1.0
2025-12-07 01:00:00,ST_DUBAI_HYPER_01,SKU_306,0,1.0,1.0,1.0
2025-12-07 02:00:00,ST_DUBAI_HYPER_01,SKU_306,2,1.0,-1.0,1.0
2025-12-07 03:00:00,ST_DUBAI_HYPER_01,SKU_306,0,1.0,1.0,1.0
2025-12-07 04:00:00,ST_DUBAI_HYPER_01,SKU_306,0,1.0,1.0,1.0
2025-12-07 05:00:00,ST_DUBAI_HYPER_01,SKU_306,0,1.0,1.0,1.0
2025-12-07 06:00:00,ST_DUBAI_HYPER_01,SKU_306,1,1.0,0.0,0.0
2025-12-07 07:00:00,ST_DUBAI_HYPER_01,SKU_306,0,1.0,1.0,1.0
2025-12-07 08:00:00,ST_DUBAI_HYPER_01,SKU_306,1,1.0,0.0,0.0
2025-12-07 09:00:00,ST_DUBAI_HYPER_01,SKU_306,3,1.0,-2.0,2.0
2025-12-07 10:00:00,ST_DUBAI_HYPER_01,SKU_306,5,1.0,-4.0,4.0
2025-12-07 11:00:00,ST_DUBAI_HYPER_01,SKU_306,3,1.0,-2.0,2.0
2025-12-07 12:00:00,ST_DUBAI_HYPER_01,SKU_306,10,1.0,-9.0,9.0
2025-12-07 13:00:00,ST_DUBAI_HYPER_01,SKU_306,3,1.0,-2.0,2.0
2025-12-07 14:00:00,ST_DUBAI_HYPER_01,SKU_306,8,1.0,-7.0,7.0
2025-12-07 15:00:00,ST_DUBAI_HYPER_01,SKU_306,1,1.0,0.0,0.0
2025-12-07 16:00:00,ST_DUBAI_HYPER_01,SKU_306,0,1.0,1.0,1.0
2025-12-07 17:00:00,ST_DUBAI_HYPER_01,SKU_306,1,1.0,0.0,0.0
2025-12-07 18:00:00,ST_DUBAI_HYPER_01,SKU_306,19,1.0,-18.0,18.0
2025-12-07 19:00:00,ST_DUBAI_HYPER_01,SKU_306,14,1.0,-13.0,13.0
2025-12-07 20:00:00,ST_DUBAI_HYPER_01,SKU_306,10,1.0,-9.0,9.0
2025-12-07 21:00:00,ST_DUBAI_HYPER_01,SKU_306,11,1.0,-10.0,10.0
2025-12-07 22:00:00,ST_DUBAI_HYPER_01,SKU_306,12,1.0,-11.0,11.0
2025-12-07 23:00:00,ST_DUBAI_HYPER_01,SKU_306,4,1.0,-3.0,3.0
2025-12-07 00:00:00,ST_DUBAI_HYPER_01,SKU_401,0,1.0,1.0,1.0
2025-12-07 01:00:00,ST_DUBAI_HYPER_01,SKU_401,0,1.0,1.0,1.0
2025-12-07 02:00:00,ST_DUBAI_HYPER_01,SKU_401,0,1.0,1.0,1.0
2025-12-07 03:00:00,ST_DUBAI_HYPER_01,SKU_401,0,1.0,1.0,1.0
2025-12-07 04:00:00,ST_DUBAI_HYPER_01,SKU_401,0,1.0,1.0,1.0
2025-12-07 05:00:00,ST_DUBAI_HYPER_01,SKU_401,0,1.0,1.0,1.0
2025-12-07 06:00:00,ST_DUBAI_HYPER_01,SKU_401,0,1.0,1.0,1.0
2025-12-07 07:00:00,ST_DUBAI_HYPER_01,SKU_401,1,1.0,0.0,0.0
2025-12-07 08:00:00,ST_DUBAI_HYPER_01,SKU_401,1,1.0,0.0,0.0
2025-12-07 09:00:00,ST_DUBAI_HYPER_01,SKU_401,1,1.0,0.0,0.0
2025-12-07 10:00:00,ST_DUBAI_HYPER_01,SKU_401,3,1.0,-2.0,2.0
2025-12-07 11:00:00,ST_DUBAI_HYPER_01,SKU_401,10,1.0,-9.0,9.0
2025-12-07 12:00:00,ST_DUBAI_HYPER_01,SKU_401,4,1.0,-3.0,3.0
2025-12-07 13:00:00,ST_DUBAI_HYPER_01,SKU_401,3,1.0,-2.0,2.0
2025-12-07 14:00:00,ST_DUBAI_HYPER_01,SKU_401,8,1.0,-7.0,7.0
2025-12-07 15:00:00,ST_DUBAI_HYPER_01,SKU_401,1,1.0,0.0,0.0
2025-12-07 16:00:00,ST_DUBAI_HYPER_01,SKU_401,5,1.0,-4.0,4.0
2025-12-07 17:00:00,ST_DUBAI_HYPER_01,SKU_401,7,1.0,-6.0,6.0
2025-12-07 18:00:00,ST_DUBAI_HYPER_01,SKU_401,7,1.0,-6.0,6.0
2025-12-07 19:00:00,ST_DUBAI_HYPER_01,SKU_401,5,1.0,-4.0,4.0
2025-12-07 20:00:00,ST_DUBAI_HYPER_01,SKU_401,0,1.0,1.0,1.0
2025-12-07 21:00:00,ST_DUBAI_HYPER_01,SKU_401,0,1.0,1.0,1.0
2025-12-07 22:00:00,ST_DUBAI_HYPER_01,SKU_401,0,1.0,1.0,1.0
2025-12-07 23:00:00,ST_DUBAI_HYPER_01,SKU_401,0,1.0,1.0,1.0
2025-12-07 00:00:00,ST_DUBAI_HYPER_01,SKU_402,0,1.0,1.0,1.0
2025-12-07 01:00:00,ST_DUBAI_HYPER_01,SKU_402,0,1.0,1.0,1.0
2025-12-07 02:00:00,ST_DUBAI_HYPER_01,SKU_402,0,1.0,1.0,1.0
2025-12-07 03:00:00,ST_DUBAI_HYPER_01,SKU_402,0,1.0,1.0,1.0
2025-12-07 04:00:00,ST_DUBAI_HYPER_01,SKU_402,0,1.0,1.0,1.0
2025-12-07 05:00:00,ST_DUBAI_HYPER_01,SKU_402,1,1.0,0.0,0.0
2025-12-07 06:00:00,ST_DUBAI_HYPER_01,SKU_402,1,1.0,0.0,0.0
2025-12-07 07:00:00,ST_DUBAI_HYPER_01,SKU_402,4,1.0,-3.0,3.0
2025-12-07 08:00:00,ST_DUBAI_HYPER_01,SKU_402,2,1.0,-1.0,1.0
2025-12-07 09:00:00,ST_DUBAI_HYPER_01,SKU_402,5,1.0,-4.0,4.0
2025-12-07 10:00:00,ST_DUBAI_HYPER_01,SKU_402,2,1.0,-1.0,1.0
2025-12-07 11:00:00,ST_DUBAI_HYPER_01,SKU_402,7,1.0,-6.0,6.0
2025-12-07 12:00:00,ST_DUBAI_HYPER_01,SKU_402,3,1.0,-2.0,2.0
2025-12-07 13:00:00,ST_DUBAI_HYPER_01,SKU_402,12,1.0,-11.0,11.0
2025-12-07 14:00:00,ST_DUBAI_HYPER_01,SKU_402,3,1.0,-2.0,2.0
2025-12-07 15:00:00,ST_DUBAI_HYPER_01,SKU_402,2,1.0,-1.0,1.0
2025-12-07 16:00:00,ST_DUBAI_HYPER_01,SKU_402,4,1.0,-3.0,3.0
2025-12-07 17:00:00,ST_DUBAI_HYPER_01,SKU_402,3,1.0,-2.0,2.0
2025-12-07 18:00:00,ST_DUBAI_HYPER_01,SKU_402,10,1.0,-9.0,9.0
2025-12-07 19:00:00,ST_DUBAI_HYPER_01,SKU_402,12,1.0,-11.0,11.0
2025-12-07 20:00:00,ST_DUBAI_HYPER_01,SKU_402,8,1.0,-7.0,7.0
2025-12-07 21:00:00,ST_DUBAI_HYPER_01,SKU_402,10,1.0,-9.0,9.0
2025-12-07 22:00:00,ST_DUBAI_HYPER_01,SKU_402,0,1.0,1.0,1.0
2025-12-07 23:00:00,ST_DUBAI_HYPER_01,SKU_402,0,1.0,1.0,1.0
2025-12-07 00:00:00,ST_DUBAI_HYPER_01,SKU_501,0,1.0,1.0,1.0
2025-12-07 01:00:00,ST_DUBAI_HYPER_01,SKU_501,0,1.0,1.0,1.0
2025-12-07 02:00:00,ST_DUBAI_HYPER_01,SKU_501,0,1.0,1.0,1.0
2025-12-07 03:00:00,ST_DUBAI_HYPER_01,SKU_501,0,1.0,1.0,1.0
2025-12-07 04:00:00,ST_DUBAI_HYPER_01,SKU_501,0,1.0,1.0,1.0
2025-12-07 05:00:00,ST_DUBAI_HYPER_01,SKU_501,6,1.0,-5.0,5.0
2025-12-07 06:00:00,ST_DUBAI_HYPER_01,SKU_501,2,1.0,-1.0,1.0
2025-12-07 07:00:00,ST_DUBAI_HYPER_01,SKU_501,2,1.0,-1.0,1.0
2025-12-07 08:00:00,ST_DUBAI_HYPER_01,SKU_501,0,1.0,1.0,1.0
2025-12-07 09:00:00,ST_DUBAI_HYPER_01,SKU_501,3,1.0,-2.0,2.0
2025-12-07 10:00:00,ST_DUBAI_HYPER_01,SKU_501,5,1.0,-4.0,4.0
2025-12-07 11:00:00,ST_DUBAI_HYPER_01,SKU_501,4,1.0,-3.0,3.0
2025-12-07 12:00:00,ST_DUBAI_HYPER_01,SKU_501,3,1.0,-2.0,2.0
2025-12-07 13:00:00,ST_DUBAI_HYPER_01,SKU_501,9,1.0,-8.0,8.0
2025-12-07 14:00:00,ST_DUBAI_HYPER_01,SKU_501,5,1.0,-4.0,4.0
2025-12-07 15:00:00,ST_DUBAI_HYPER_01,SKU_501,1,1.0,0.0,0.0
2025-12-07 16:00:00,ST_DUBAI_HYPER_01,SKU_501,1,1.0,0.0,0.0
2025-12-07 17:00:00,ST_DUBAI_HYPER_01,SKU_501,4,1.0,-3.0,3.0
2025-12-07 18:00:00,ST_DUBAI_HYPER_01,SKU_501,2,1.0,-1.0,1.0
2025-12-07 19:00:00,ST_DUBAI_HYPER_01,SKU_501,13,1.0,-12.0,12.0
2025-12-07 20:00:00,ST_DUBAI_HYPER_01,SKU_501,6,1.0,-5.0,5.0
2025-12-07 21:00:00,ST_DUBAI_HYPER_01,SKU_501,5,1.0,-4.0,4.0
2025-12-07 22:00:00,ST_DUBAI_HYPER_01,SKU_501,0,1.0,1.0,1.0
2025-12-07 23:00:00,ST_DUBAI_HYPER_01,SKU_501,0,1.0,1.0,1.0
2025-12-07 00:00:00,ST_DUBAI_HYPER_01,SKU_502,0,1.0,1.0,1.0
2025-12-07 01:00:00,ST_DUBAI_HYPER_01,SKU_502,0,1.0,1.0,1.0
2025-12-07 02:00:00,ST_DUBAI_HYPER_01,SKU_502,0,1.0,1.0,1.0
2025-12-07 03:00:00,ST_DUBAI_HYPER_01,SKU_502,0,1.0,1.0,1.0
2025-12-07 04:00:00,ST_DUBAI_HYPER_01,SKU_502,0,1.0,1.0,1.0
2025-12-07 05:00:00,ST_DUBAI_HYPER_01,SKU_502,0,1.0,1.0,1.0
2025-12-07 06:00:00,ST_DUBAI_HYPER_01,SKU_502,0,1.0,1.0,1.0
2025-12-07 07:00:00,ST_DUBAI_HYPER_01,SKU_502,0,1.0,1.0,1.0
2025-12-07 08:00:00,ST_DUBAI_HYPER_01,SKU_502,0,1.0,1.0,1.0
2025-12-07 09:00:00,ST_DUBAI_HYPER_01,SKU_502,0,1.0,1.0,1.0
2025-12-07 10:00:00,ST_DUBAI_HYPER_01,SKU_502,0,1.0,1.0,1.0
2025-12-07 11:00:00,ST_DUBAI_HYPER_01,SKU_502,0,1.0,1.0,1.0
2025-12-07 12:00:00,ST_DUBAI_HYPER_01,SKU_502,0,1.0,1.0,1.0
2025-12-07 13:00:00,ST_DUBAI_HYPER_01,SKU_502,0,1.0,1.0,1.0
2025-12-07 14:00:00,ST_DUBAI_HYPER_01,SKU_502,0,1.0,1.0,1.0
2025-12-07 15:00:00,ST_DUBAI_HYPER_01,SKU_502,0,1.0,1.0,1.0
2025-12-07 16:00:00,ST_DUBAI_HYPER_01,SKU_502,3,1.0,-2.0,2.0
2025-12-07 17:00:00,ST_DUBAI_HYPER_01,SKU_502,4,1.0,-3.0,3.0
2025-12-07 18:00:00,ST_DUBAI_HYPER_01,SKU_502,9,1.0,-8.0,8.0
2025-12-07 19:00:00,ST_DUBAI_HYPER_01,SKU_502,10,1.0,-9.0,9.0
2025-12-07 20:00:00,ST_DUBAI_HYPER_01,SKU_502,4,1.0,-3.0,3.0
2025-12-07 21:00:00,ST_DUBAI_HYPER_01,SKU_502,7,1.0,-6.0,6.0
2025-12-07 22:00:00,ST_DUBAI_HYPER_01,SKU_502,4,1.0,-3.0,3.0
2025-12-07 23:00:00,ST_DUBAI_HYPER_01,SKU_502,0,1.0,1.0,1.0
2025-12-07 00:00:00,ST_DUBAI_HYPER_01,SKU_503,0,1.0,1.0,1.0
2025-12-07 01:00:00,ST_DUBAI_HYPER_01,SKU_503,0,1.0,1.0,1.0
2025-12-07 02:00:00,ST_DUBAI_HYPER_01,SKU_503,0,1.0,1.0,1.0
2025-12-07 03:00:00,ST_DUBAI_HYPER_01,SKU_503,0,1.0,1.0,1.0
2025-12-07 04:00:00,ST_DUBAI_HYPER_01,SKU_503,0,1.0,1.0,1.0
2025-12-07 05:00:00,ST_DUBAI_HYPER_01,SKU_503,0,1.0,1.0,1.0
2025-12-07 06:00:00,ST_DUBAI_HYPER_01,SKU_503,0,1.0,1.0,1.0
2025-12-07 07:00:00,ST_DUBAI_HYPER_01,SKU_503,0,1.0,1.0,1.0
2025-12-07 08:00:00,ST_DUBAI_HYPER_01,SKU_503,0,1.0,1.0,1.0
2025-12-07 09:00:00,ST_DUBAI_HYPER_01,SKU_503,0,1.0,1.0,1.0
2025-12-07 10:00:00,ST_DUBAI_HYPER_01,SKU_503,0,1.0,1.0,1.0
2025-12-07 11:00:00,ST_DUBAI_HYPER_01,SKU_503,0,1.0,1.0,1.0
2025-12-07 12:00:00,ST_DUBAI_HYPER_01,SKU_503,0,1.0,1.0,1.0
2025-12-07 13:00:00,ST_DUBAI_HYPER_01,SKU_503,0,1.0,1.0,1.0
2025-12-07 14:00:00,ST_DUBAI_HYPER_01,SKU_503,0,1.0,1.0,1.0
2025-12-07 15:00:00,ST_DUBAI_HYPER_01,SKU_503,0,1.0,1.0,1.0
2025-12-07 16:00:00,ST_DUBAI_HYPER_01,SKU_503,0,1.0,1.0,1.0
2025-12-07 17:00:00,ST_DUBAI_HYPER_01,SKU_503,0,1.0,1.0,1.0
2025-12-07 18:00:00,ST_DUBAI_HYPER_01,SKU_503,0,1.0,1.0,1.0
2025-12-07 19:00:00,ST_DUBAI_HYPER_01,SKU_503,0,1.0,1.0,1.0
2025-12-07 20:00:00,ST_DUBAI_HYPER_01,SKU_503,0,1.0,1.0,1.0
2025-12-07 21:00:00,ST_DUBAI_HYPER_01,SKU_503,0,1.0,1.0,1.0
2025-12-07 22:00:00,ST_DUBAI_HYPER_01,SKU_503,0,1.0,1.0,1.0
2025-12-07 23:00:00,ST_DUBAI_HYPER_01,SKU_503,0,1.0,1.0,1.0
2025-12-07 00:00:00,ST_JEDDAH_MALL_01,SKU_101,3,3.0,0.0,0.0
2025-12-07 01:00:00,ST_JEDDAH_MALL_01,SKU_101,3,4.0,1.0,1.0
2025-12-07 02:00:00,ST_JEDDAH_MALL_01,SKU_101,1,4.0,3.0,3.0
2025-12-07 03:00:00,ST_JEDDAH_MALL_01,SKU_101,0,5.0,5.0,5.0
2025-12-07 04:00:00,ST_JEDDAH_MALL_01,SKU_101,1,5.0,4.0,4.0
2025-12-07 05:00:00,ST_JEDDAH_MALL_01,SKU_101,7,5.0,-2.0,2.0
2025-12-07 06:00:00,ST_JEDDAH_MALL_01,SKU_101,6,5.0,-1.0,1.0
2025-12-07 07:00:00,ST_JEDDAH_MALL_01,SKU_101,2,5.0,3.0,3.0
2025-12-07 08:00:00,ST_JEDDAH_MALL_01,SKU_101,1,5.0,4.0,4.0
2025-12-07 09:00:00,ST_JEDDAH_MALL_01,SKU_101,2,5.0,3.0,3.0
2025-12-07 10:00:00,ST_JEDDAH_MALL_01,SKU_101,0,5.0,5.0,5.0
2025-12-07 11:00:00,ST_JEDDAH_MALL_01,SKU_101,1,5.0,4.0,4.0
2025-12-07 12:00:00,ST_JEDDAH_MALL_01,SKU_101,1,5.0,4.0,4.0
2025-12-07 13:00:00,ST_JEDDAH_MALL_01,SKU_101,3,5.0,2.0,2.0
2025-12-07 14:00:00,ST_JEDDAH_MALL_01,SKU_101,6,5.0,-1.0,1.0
2025-12-07 15:00:00,ST_JEDDAH_MALL_01,SKU_101,1,5.0,4.0,4.0
2025-12-07 16:00:00,ST_JEDDAH_MALL_01,SKU_101,3,5.0,2.0,2.0
2025-12-07 17:00:00,ST_JEDDAH_MALL_01,SKU_101,6,5.0,-1.0,1.0
2025-12-07 18:00:00,ST_JEDDAH_MALL_01,SKU_101,10,5.0,-5.0,5.0
2025-12-07 19:00:00,ST_JEDDAH_MALL_01,SKU_101,4,5.0,1.0,1.0
2025-12-07 20:00:00,ST_JEDDAH_MALL_01,SKU_101,11,5.0,-6.0,6.0
2025-12-07 21:00:00,ST_JEDDAH_MALL_01,SKU_101,11,5.0,-6.0,6.0
2025-12-07 22:00:00,ST_JEDDAH_MALL_01,SKU_101,0,3.0,3.0,3.0
2025-12-07 23:00:00,ST_JEDDAH_MALL_01,SKU_101,0,3.0,3.0,3.0
2025-12-07 00:00:00,ST_JEDDAH_MALL_01,SKU_102,1,5.0,4.0,4.0
2025-12-07 01:00:00,ST_JEDDAH_MALL_01,SKU_102,0,5.0,5.0,5.0
2025-12-07 02:00:00,ST_JEDDAH_MALL_01,SKU_102,1,5.0,4.0,4.0
2025-12-07 03:00:00,ST_JEDDAH_MALL_01,SKU_102,1,5.0,4.0,4.0
2025-12-07 04:00:00,ST_JEDDAH_MALL_01,SKU_102,2,5.0,3.0,3.0
2025-12-07 05:00:00,ST_JEDDAH_MALL_01,SKU_102,0,5.0,5.0,5.0
2025-12-07 06:00:00,ST_JEDDAH_MALL_01,SKU_102,2,5.0,3.0,3.0
2025-12-07 07:00:00,ST_JEDDAH_MALL_01,SKU_102,5,5.0,0.0,0.0
2025-12-07 08:00:00,ST_JEDDAH_MALL_01,SKU_102,2,5.0,3.0,3.0
2025-12-07 09:00:00,ST_JEDDAH_MALL_01,SKU_102,2,5.0,3.0,3.0
2025-12-07 10:00:00,ST_JEDDAH_MALL_01,SKU_102,0,5.0,5.0,5.0
2025-12-07 11:00:00,ST_JEDDAH_MALL_01,SKU_102,0,5.0,5.0,5.0
2025-12-07 12:00:00,ST_JEDDAH_MALL_01,SKU_102,0,5.0,5.0,5.0
2025-12-07 13:00:00,ST_JEDDAH_MALL_01,SKU_102,1,5.0,4.0,4.0
2025-12-07 14:00:00,ST_JEDDAH_MALL_01,SKU_102,1,5.0,4.0,4.0
2025-12-07 15:00:00,ST_JEDDAH_MALL_01,SKU_102,4,5.0,1.0,1.0
2025-12-07 16:00:00,ST_JEDDAH_MALL_01,SKU_102,4,6.0,2.0,2.0
2025-12-07 17:00:00,ST_JEDDAH_MALL_01,SKU_102,1,6.0,5.0,5.0
2025-12-07 18:00:00,ST_JEDDAH_MALL_01,SKU_102,6,6.0,0.0,0.0
2025-12-07 19:00:00,ST_JEDDAH_MALL_01,SKU_102,3,6.0,3.0,3.0
2025-12-07 20:00:00,ST_JEDDAH_MALL_01,SKU_102,6,6.0,0.0,0.0
2025-12-07 21:00:00,ST_JEDDAH_MALL_01,SKU_102,5,6.0,1.0,1.0
2025-12-07 22:00:00,ST_JEDDAH_MALL_01,SKU_102,4,4.0,0.0,0.0
2025-12-07 23:00:00,ST_JEDDAH_MALL_01,SKU_102,1,4.0,3.0,3.0
2025-12-07 00:00:00,ST_JEDDAH_MALL_01,SKU_103,2,5.0,3.0,3.0
2025-12-07 01:00:00,ST_JEDDAH_MALL_01,SKU_103,2,5.0,3.0,3.0
2025-12-07 02:00:00,ST_JEDDAH_MALL_01,SKU_103,1,5.0,4.0,4.0
2025-12-07 03:00:00,ST_JEDDAH_MALL_01,SKU_103,3,5.0,2.0,2.0
2025-12-07 04:00:00,ST_JEDDAH_MALL_01,SKU_103,1,5.0,4.0,4.0
2025-12-07 05:00:00,ST_JEDDAH_MALL_01,SKU_103,4,5.0,1.0,1.0
2025-12-07 06:00:00,ST_JEDDAH_MALL_01,SKU_103,6,5.0,-1.0,1.0
2025-12-07 07:00:00,ST_JEDDAH_MALL_01,SKU_103,4,6.0,2.0,2.0
2025-12-07 08:00:00,ST_JEDDAH_MALL_01,SKU_103,1,5.0,4.0,4.0
2025-12-07 09:00:00,ST_JEDDAH_MALL_01,SKU_103,3,6.0,3.0,3.0
2025-12-07 10:00:00,ST_JEDDAH_MALL_01,SKU_103,3,5.0,2.0,2.0
2025-12-07 11:00:00,ST_JEDDAH_MALL_01,SKU_103,6,6.0,0.0,0.0
2025-12-07 12:00:00,ST_JEDDAH_MALL_01,SKU_103,2,6.0,4.0,4.0
2025-12-07 13:00:00,ST_JEDDAH_MALL_01,SKU_103,1,6.0,5.0,5.0
2025-12-07 14:00:00,ST_JEDDAH_MALL_01,SKU_103,2,6.0,4.0,4.0
2025-12-07 15:00:00,ST_JEDDAH_MALL_01,SKU_103,2,6.0,4.0,4.0
2025-12-07 16:00:00,ST_JEDDAH_MALL_01,SKU_103,3,7.0,4.0,4.0
2025-12-07 17:00:00,ST_JEDDAH_MALL_01,SKU_103,7,7.0,0.0,0.0
2025-12-07 18:00:00,ST_JEDDAH_MALL_01,SKU_103,5,7.0,2.0,2.0
2025-12-07 19:00:00,ST_JEDDAH_MALL_01,SKU_103,9,7.0,-2.0,2.0
2025-12-07 20:00:00,ST_JEDDAH_MALL_01,SKU_103,10,7.0,-3.0,3.0
2025-12-07 21:00:00,ST_JEDDAH_MALL_01,SKU_103,4,7.0,3.0,3.0
2025-12-07 22:00:00,ST_JEDDAH_MALL_01,SKU_103,2,5.0,3.0,3.0
2025-12-07 23:00:00,ST_JEDDAH_MALL_01,SKU_103,2,5.0,3.0,3.0
2025-12-07 00:00:00,ST_JEDDAH_MALL_01,SKU_201,0,1.0,1.0,1.0
2025-12-07 01:00:00,ST_JEDDAH_MALL_01,SKU_201,1,1.0,0.0,0.0
2025-12-07 02:00:00,ST_JEDDAH_MALL_01,SKU_201,0,1.0,1.0,1.0
2025-12-07 03:00:00,ST_JEDDAH_MALL_01,SKU_201,3,1.0,-2.0,2.0
2025-12-07 04:00:00,ST_JEDDAH_MALL_01,SKU_201,1,1.0,0.0,0.0
2025-12-07 05:00:00,ST_JEDDAH_MALL_01,SKU_201,2,1.0,-1.0,1.0
2025-12-07 06:00:00,ST_JEDDAH_MALL_01,SKU_201,7,1.0,-6.0,6.0
2025-12-07 07:00:00,ST_JEDDAH_MALL_01,SKU_201,4,1.0,-3.0,3.0
2025-12-07 08:00:00,ST_JEDDAH_MALL_01,SKU_201,2,1.0,-1.0,1.0
2025-12-07 09:00:00,ST_JEDDAH_MALL_01,SKU_201,1,1.0,0.0,0.0
2025-12-07 10:00:00,ST_JEDDAH_MALL_01,SKU_201,0,1.0,1.0,1.0
2025-12-07 11:00:00,ST_JEDDAH_MALL_01,SKU_201,0,1.0,1.0,1.0
2025-12-07 12:00:00,ST_JEDDAH_MALL_01,SKU_201,8,1.0,-7.0,7.0
2025-12-07 13:00:00,ST_JEDDAH_MALL_01,SKU_201,4,1.0,-3.0,3.0
2025-12-07 14:00:00,ST_JEDDAH_MALL_01,SKU_201,1,1.0,0.0,0.0
2025-12-07 15:00:00,ST_JEDDAH_MALL_01,SKU_201,1,1.0,0.0,0.0
2025-12-07 16:00:00,ST_JEDDAH_MALL_01,SKU_201,4,1.0,-3.0,3.0
2025-12-07 17:00:00,ST_JEDDAH_MALL_01,SKU_201,1,1.0,0.0,0.0
2025-12-07 18:00:00,ST_JEDDAH_MALL_01,SKU_201,10,1.0,-9.0,9.0
2025-12-07 19:00:00,ST_JEDDAH_MALL_01,SKU_201,3,1.0,-2.0,2.0
2025-12-07 20:00:00,ST_JEDDAH_MALL_01,SKU_201,6,1.0,-5.0,5.0
2025-12-07 21:00:00,ST_JEDDAH_MALL_01,SKU_201,5,1.0,-4.0,4.0
2025-12-07 22:00:00,ST_JEDDAH_MALL_01,SKU_201,5,1.0,-4.0,4.0
2025-12-07 23:00:00,ST_JEDDAH_MALL_01,SKU_201,1,1.0,0.0,0.0
2025-12-07 00:00:00,ST_JEDDAH_MALL_01,SKU_202,0,1.0,1.0,1.0
2025-12-07 01:00:00,ST_JEDDAH_MALL_01,SKU_202,0,1.0,1.0,1.0
2025-12-07 02:00:00,ST_JEDDAH_MALL_01,SKU_202,0,1.0,1.0,1.0
2025-12-07 03:00:00,ST_JEDDAH_MALL_01,SKU_202,0,1.0,1.0,1.0
2025-12-07 04:00:00,ST_JEDDAH_MALL_01,SKU_202,0,1.0,1.0,1.0
2025-12-07 05:00:00,ST_JEDDAH_MALL_01,SKU_202,0,1.0,1.0,1.0
2025-12-07 06:00:00,ST_JEDDAH_MALL_01,SKU_202,0,1.0,1.0,1.0
2025-12-07 07:00:00,ST_JEDDAH_MALL_01,SKU_202,0,1.0,1.0,1.0
2025-12-07 08:00:00,ST_JEDDAH_MALL_01,SKU_202,0,1.0,1.0,1.0
2025-12-07 09:00:00,ST_JEDDAH_MALL_01,SKU_202,0,1.0,1.0,1.0
2025-12-07 10:00:00,ST_JEDDAH_MALL_01,SKU_202,0,1.0,1.0,1.0
2025-12-07 11:00:00,ST_JEDDAH_MALL_01,SKU_202,0,1.0,1.0,1.0
2025-12-07 12:00:00,ST_JEDDAH_MALL_01,SKU_202,1,1.0,0.0,0.0
2025-12-07 13:00:00,ST_JEDDAH_MALL_01,SKU_202,6,1.0,-5.0,5.0
2025-12-07 14:00:00,ST_JEDDAH_MALL_01,SKU_202,3,1.0,-2.0,2.0
2025-12-07 15:00:00,ST_JEDDAH_MALL_01,SKU_202,3,1.0,-2.0,2.0
2025-12-07 16:00:00,ST_JEDDAH_MALL_01,SKU_202,2,1.0,-1.0,1.0
2025-12-07 17:00:00,ST_JEDDAH_MALL_01,SKU_202,8,1.0,-7.0,7.0
2025-12-07 18:00:00,ST_JEDDAH_MALL_01,SKU_202,7,1.0,-6.0,6.0
2025-12-07 19:00:00,ST_JEDDAH_MALL_01,SKU_202,5,1.0,-4.0,4.0
2025-12-07 20:00:00,ST_JEDDAH_MALL_01,SKU_202,5,1.0,-4.0,4.0
2025-12-07 21:00:00,ST_JEDDAH_MALL_01,SKU_202,2,1.0,-1.0,1.0
2025-12-07 22:00:00,ST_JEDDAH_MALL_01,SKU_202,0,1.0,1.0,1.0
2025-12-07 23:00:00,ST_JEDDAH_MALL_01,SKU_202,4,1.0,-3.0,3.0
2025-12-07 00:00:00,ST_JEDDAH_MALL_01,SKU_301,0,1.0,1.0,1.0
2025-12-07 01:00:00,ST_JEDDAH_MALL_01,SKU_301,0,1.0,1.0,1.0
2025-12-07 02:00:00,ST_JEDDAH_MALL_01,SKU_301,0,1.0,1.0,1.0
2025-12-07 03:00:00,ST_JEDDAH_MALL_01,SKU_301,0,1.0,1.0,1.0
2025-12-07 04:00:00,ST_JEDDAH_MALL_01,SKU_301,4,1.0,-3.0,3.0
2025-12-07 05:00:00,ST_JEDDAH_MALL_01,SKU_301,2,1.0,-1.0,1.0
2025-12-07 06:00:00,ST_JEDDAH_MALL_01,SKU_301,2,1.0,-1.0,1.0
2025-12-07 07:00:00,ST_JEDDAH_MALL_01,SKU_301,2,1.0,-1.0,1.0
2025-12-07 08:00:00,ST_JEDDAH_MALL_01,SKU_301,3,1.0,-2.0,2.0
2025-12-07 09:00:00,ST_JEDDAH_MALL_01,SKU_301,1,1.0,0.0,0.0
2025-12-07 10:00:00,ST_JEDDAH_MALL_01,SKU_301,2,1.0,-1.0,1.0
2025-12-07 11:00:00,ST_JEDDAH_MALL_01,SKU_301,4,1.0,-3.0,3.0
2025-12-07 12:00:00,ST_JEDDAH_MALL_01,SKU_301,3,1.0,-2.0,2.0
2025-12-07 13:00:00,ST_JEDDAH_MALL_01,SKU_301,4,1.0,-3.0,3.0
2025-12-07 14:00:00,ST_JEDDAH_MALL_01,SKU_301,4,1.0,-3.0,3.0
2025-12-07 15:00:00,ST_JEDDAH_MALL_01,SKU_301,8,1.0,-7.0,7.0
2025-12-07 16:00:00,ST_JEDDAH_MALL_01,SKU_301,0,1.0,1.0,1.0
2025-12-07 17:00:00,ST_JEDDAH_MALL_01,SKU_301,0,1.0,1.0,1.0
2025-12-07 18:00:00,ST_JEDDAH_MALL_01,SKU_301,10,1.0,-9.0,9.0
2025-12-07 19:00:00,ST_JEDDAH_MALL_01,SKU_301,7,1.0,-6.0,6.0
2025-12-07 20:00:00,ST_JEDDAH_MALL_01,SKU_301,6,1.0,-5.0,5.0
2025-12-07 21:00:00,ST_JEDDAH_MALL_01,SKU_301,5,1.0,-4.0,4.0
2025-12-07 22:00:00,ST_JEDDAH_MALL_01,SKU_301,2,1.0,-1.0,1.0
2025-12-07 23:00:00,ST_JEDDAH_MALL_01,SKU_301,0,1.0,1.0,1.0
2025-12-07 00:00:00,ST_JEDDAH_MALL_01,SKU_302,2,5.0,3.0,3.0
2025-12-07 01:00:00,ST_JEDDAH_MALL_01,SKU_302,1,5.0,4.0,4.0
2025-12-07 02:00:00,ST_JEDDAH_MALL_01,SKU_302,3,5.0,2.0,2.0
2025-12-07 03:00:00,ST_JEDDAH_MALL_01,SKU_302,0,5.0,5.0,5.0
2025-12-07 04:00:00,ST_JEDDAH_MALL_01,SKU_302,1,5.0,4.0,4.0
2025-12-07 05:00:00,ST_JEDDAH_MALL_01,SKU_302,0,5.0,5.0,5.0
2025-12-07 06:00:00,ST_JEDDAH_MALL_01,SKU_302,0,5.0,5.0,5.0
2025-12-07 07:00:00,ST_JEDDAH_MALL_01,SKU_302,0,5.0,5.0,5.0
2025-12-07 08:00:00,ST_JEDDAH_MALL_01,SKU_302,0,5.0,5.0,5.0
2025-12-07 09:00:00,ST_JEDDAH_MALL_01,SKU_302,0,6.0,6.0,6.0
2025-12-07 10:00:00,ST_JEDDAH_MALL_01,SKU_302,0,7.0,7.0,7.0
2025-12-07 11:00:00,ST_JEDDAH_MALL_01,SKU_302,0,7.0,7.0,7.0
2025-12-07 12:00:00,ST_JEDDAH_MALL_01,SKU_302,0,7.0,7.0,7.0
2025-12-07 13:00:00,ST_JEDDAH_MALL_01,SKU_302,11,7.0,-4.0,4.0
2025-12-07 14:00:00,ST_JEDDAH_MALL_01,SKU_302,4,7.0,3.0,3.0
2025-12-07 15:00:00,ST_JEDDAH_MALL_01,SKU_302,2,7.0,5.0,5.0
2025-12-07 16:00:00,ST_JEDDAH_MALL_01,SKU_302,1,7.0,6.0,6.0
2025-12-07 17:00:00,ST_JEDDAH_MALL_01,SKU_302,2,7.0,5.0,5.0
2025-12-07 18:00:00,ST_JEDDAH_MALL_01,SKU_302,6,7.0,1.0,1.0
2025-12-07 19:00:00,ST_JEDDAH_MALL_01,SKU_302,4,7.0,3.0,3.0
2025-12-07 20:00:00,ST_JEDDAH_MALL_01,SKU_302,10,7.0,-3.0,3.0
2025-12-07 21:00:00,ST_JEDDAH_MALL_01,SKU_302,9,7.0,-2.0,2.0
2025-12-07 22:00:00,ST_JEDDAH_MALL_01,SKU_302,10,6.0,-4.0,4.0
2025-12-07 23:00:00,ST_JEDDAH_MALL_01,SKU_302,2,6.0,4.0,4.0
2025-12-07 00:00:00,ST_JEDDAH_MALL_01,SKU_303,4,2.0,-2.0,2.0
2025-12-07 01:00:00,ST_JEDDAH_MALL_01,SKU_303,2,1.0,-1.0,1.0
2025-12-07 02:00:00,ST_JEDDAH_MALL_01,SKU_303,3,1.0,-2.0,2.0
2025-12-07 03:00:00,ST_JEDDAH_MALL_01,SKU_303,2,1.0,-1.0,1.0
2025-12-07 04:00:00,ST_JEDDAH_MALL_01,SKU_303,0,2.0,2.0,2.0
2025-12-07 05:00:00,ST_JEDDAH_MALL_01,SKU_303,0,2.0,2.0,2.0
2025-12-07 06:00:00,ST_JEDDAH_MALL_01,SKU_303,0,2.0,2.0,2.0
2025-12-07 07:00:00,ST_JEDDAH_MALL_01,SKU_303,2,1.0,-1.0,1.0
2025-12-07 08:00:00,ST_JEDDAH_MALL_01,SKU_303,1,1.0,0.0,0.0
2025-12-07 09:00:00,ST_JEDDAH_MALL_01,SKU_303,3,2.0,-1.0,1.0
2025-12-07 10:00:00,ST_JEDDAH_MALL_01,SKU_303,2,2.0,0.0,0.0
2025-12-07 11:00:00,ST_JEDDAH_MALL_01,SKU_303,7,3.0,-4.0,4.0
2025-12-07 12:00:00,ST_JEDDAH_MALL_01,SKU_303,9,3.0,-6.0,6.0
2025-12-07 13:00:00,ST_JEDDAH_MALL_01,SKU_303,3,3.0,0.0,0.0
2025-12-07 14:00:00,ST_JEDDAH_MALL_01,SKU_303,8,3.0,-5.0,5.0
2025-12-07 15:00:00,ST_JEDDAH_MALL_01,SKU_303,1,3.0,2.0,2.0
2025-12-07 16:00:00,ST_JEDDAH_MALL_01,SKU_303,6,3.0,-3.0,3.0
2025-12-07 17:00:00,ST_JEDDAH_MALL_01,SKU_303,3,3.0,0.0,0.0
2025-12-07 18:00:00,ST_JEDDAH_MALL_01,SKU_303,3,3.0,0.0,0.0
2025-12-07 19:00:00,ST_JEDDAH_MALL_01,SKU_303,0,3.0,3.0,3.0
2025-12-07 20:00:00,ST_JEDDAH_MALL_01,SKU_303,0,3.0,3.0,3.0
2025-12-07 21:00:00,ST_JEDDAH_MALL_01,SKU_303,0,3.0,3.0,3.0
2025-12-07 22:00:00,ST_JEDDAH_MALL_01,SKU_303,0,2.0,2.0,2.0
2025-12-07 23:00:00,ST_JEDDAH_MALL_01,SKU_303,0,2.0,2.0,2.0
2025-12-07 00:00:00,ST_JEDDAH_MALL_01,SKU_304,2,4.0,2.0,2.0
2025-12-07 01:00:00,ST_JEDDAH_MALL_01,SKU_304,2,5.0,3.0,3.0
2025-12-07 02:00:00,ST_JEDDAH_MALL_01,SKU_304,1,5.0,4.0,4.0
2025-12-07 03:00:00,ST_JEDDAH_MALL_01,SKU_304,2,5.0,3.0,3.0
2025-12-07 04:00:00,ST_JEDDAH_MALL_01,SKU_304,1,5.0,4.0,4.0
2025-12-07 05:00:00,ST_JEDDAH_MALL_01,SKU_304,0,5.0,5.0,5.0
2025-12-07 06:00:00,ST_JEDDAH_MALL_01,SKU_304,5,5.0,0.0,0.0
2025-12-07 07:00:00,ST_JEDDAH_MALL_01,SKU_304,1,5.0,4.0,4.0
2025-12-07 08:00:00,ST_JEDDAH_MALL_01,SKU_304,1,5.0,4.0,4.0
2025-12-07 09:00:00,ST_JEDDAH_MALL_01,SKU_304,0,6.0,6.0,6.0
2025-12-07 10:00:00,ST_JEDDAH_MALL_01,SKU_304,1,6.0,5.0,5.0
2025-12-07 11:00:00,ST_JEDDAH_MALL_01,SKU_304,4,7.0,3.0,3.0
2025-12-07 12:00:00,ST_JEDDAH_MALL_01,SKU_304,3,7.0,4.0,4.0
2025-12-07 13:00:00,ST_JEDDAH_MALL_01,SKU_304,0,7.0,7.0,7.0
2025-12-07 14:00:00,ST_JEDDAH_MALL_01,SKU_304,0,7.0,7.0,7.0
2025-12-07 15:00:00,ST_JEDDAH_MALL_01,SKU_304,0,7.0,7.0,7.0
2025-12-07 16:00:00,ST_JEDDAH_MALL_01,SKU_304,0,7.0,7.0,7.0
2025-12-07 17:00:00,ST_JEDDAH_MALL_01,SKU_304,3,7.0,4.0,4.0
2025-12-07 18:00:00,ST_JEDDAH_MALL_01,SKU_304,1,7.0,6.0,6.0
2025-12-07 19:00:00,ST_JEDDAH_MALL_01,SKU_304,6,7.0,1.0,1.0
2025-12-07 20:00:00,ST_JEDDAH_MALL_01,SKU_304,10,7.0,-3.0,3.0
2025-12-07 21:00:00,ST_JEDDAH_MALL_01,SKU_304,13,7.0,-6.0,6.0
2025-12-07 22:00:00,ST_JEDDAH_MALL_01,SKU_304,9,5.0,-4.0,4.0
2025-12-07 23:00:00,ST_JEDDAH_MALL_01,SKU_304,1,5.0,4.0,4.0
2025-12-07 00:00:00,ST_JEDDAH_MALL_01,SKU_305,0,1.0,1.0,1.0
2025-12-07 01:00:00,ST_JEDDAH_MALL_01,SKU_305,0,1.0,1.0,1.0
2025-12-07 02:00:00,ST_JEDDAH_MALL_01,SKU_305,0,1.0,1.0,1.0
2025-12-07 03:00:00,ST_JEDDAH_MALL_01,SKU_305,0,1.0,1.0,1.0
2025-12-07 04:00:00,ST_JEDDAH_MALL_01,SKU_305,0,1.0,1.0,1.0
2025-12-07 05:00:00,ST_JEDDAH_MALL_01,SKU_305,0,1.0,1.0,1.0
2025-12-07 06:00:00,ST_JEDDAH_MALL_01,SKU_305,0,1.0,1.0,1.0
2025-12-07 07:00:00,ST_JEDDAH_MALL_01,SKU_305,0,1.0,1.0,1.0
2025-12-07 08:00:00,ST_JEDDAH_MALL_01,SKU_305,0,1.0,1.0,1.0
2025-12-07 09:00:00,ST_JEDDAH_MALL_01,SKU_305,2,1.0,-1.0,1.0
2025-12-07 10:00:00,ST_JEDDAH_MALL_01,SKU_305,2,1.0,-1.0,1.0
2025-12-07 11:00:00,ST_JEDDAH_MALL_01,SKU_305,4,1.0,-3.0,3.0
2025-12-07 12:00:00,ST_JEDDAH_MALL_01,SKU_305,5,1.0,-4.0,4.0
2025-12-07 13:00:00,ST_JEDDAH_MALL_01,SKU_305,3,1.0,-2.0,2.0
2025-12-07 14:00:00,ST_JEDDAH_MALL_01,SKU_305,8,1.0,-7.0,7.0
2025-12-07 15:00:00,ST_JEDDAH_MALL_01,SKU_305,0,1.0,1.0,1.0
2025-12-07 16:00:00,ST_JEDDAH_MALL_01,SKU_305,4,1.0,-3.0,3.0
2025-12-07 17:00:00,ST_JEDDAH_MALL_01,SKU_305,2,1.0,-1.0,1.0
2025-12-07 18:00:00,ST_JEDDAH_MALL_01,SKU_305,7,1.0,-6.0,6.0
2025-12-07 19:00:00,ST_JEDDAH_MALL_01,SKU_305,10,1.0,-9.0,9.0
2025-12-07 20:00:00,ST_JEDDAH_MALL_01,SKU_305,14,1.0,-13.0,13.0
2025-12-07 21:00:00,ST_JEDDAH_MALL_01,SKU_305,0,1.0,1.0,1.0
2025-12-07 22:00:00,ST_JEDDAH_MALL_01,SKU_305,0,1.0,1.0,1.0
2025-12-07 23:00:00,ST_JEDDAH_MALL_01,SKU_305,0,1.0,1.0,1.0
2025-12-07 00:00:00,ST_JEDDAH_MALL_01,SKU_306,0,1.0,1.0,1.0
2025-12-07 01:00:00,ST_JEDDAH_MALL_01,SKU_306,0,1.0,1.0,1.0
2025-12-07 02:00:00,ST_JEDDAH_MALL_01,SKU_306,1,1.0,0.0,0.0
2025-12-07 03:00:00,ST_JEDDAH_MALL_01,SKU_306,2,1.0,-1.0,1.0
2025-12-07 04:00:00,ST_JEDDAH_MALL_01,SKU_306,1,1.0,0.0,0.0
2025-12-07 05:00:00,ST_JEDDAH_MALL_01,SKU_306,0,1.0,1.0,1.0
2025-12-07 06:00:00,ST_JEDDAH_MALL_01,SKU_306,0,1.0,1.0,1.0
2025-12-07 07:00:00,ST_JEDDAH_MALL_01,SKU_306,2,1.0,-1.0,1.0
2025-12-07 08:00:00,ST_JEDDAH_MALL_01,SKU_306,0,1.0,1.0,1.0
2025-12-07 09:00:00,ST_JEDDAH_MALL_01,SKU_306,0,1.0,1.0,1.0
2025-12-07 10:00:00,ST_JEDDAH_MALL_01,SKU_306,4,1.0,-3.0,3.0
2025-12-07 11:00:00,ST_JEDDAH_MALL_01,SKU_306,2,1.0,-1.0,1.0
2025-12-07 12:00:00,ST_JEDDAH_MALL_01,SKU_306,10,1.0,-9.0,9.0
2025-12-07 13:00:00,ST_JEDDAH_MALL_01,SKU_306,8,1.0,-7.0,7.0
2025-12-07 14:00:00,ST_JEDDAH_MALL_01,SKU_306,6,1.0,-5.0,5.0
2025-12-07 15:00:00,ST_JEDDAH_MALL_01,SKU_306,0,1.0,1.0,1.0
2025-12-07 16:00:00,ST_JEDDAH_MALL_01,SKU_306,3,1.0,-2.0,2.0
2025-12-07 17:00:00,ST_JEDDAH_MALL_01,SKU_306,4,1.0,-3.0,3.0
2025-12-07 18:00:00,ST_JEDDAH_MALL_01,SKU_306,5,1.0,-4.0,4.0
2025-12-07 19:00:00,ST_JEDDAH_MALL_01,SKU_306,0,1.0,1.0,1.0
2025-12-07 20:00:00,ST_JEDDAH_MALL_01,SKU_306,13,1.0,-12.0,12.0
2025-12-07 21:00:00,ST_JEDDAH_MALL_01,SKU_306,3,1.0,-2.0,2.0
2025-12-07 22:00:00,ST_JEDDAH_MALL_01,SKU_306,6,1.0,-5.0,5.0
2025-12-07 23:00:00,ST_JEDDAH_MALL_01,SKU_306,3,1.0,-2.0,2.0
2025-12-07 00:00:00,ST_JEDDAH_MALL_01,SKU_401,1,5.0,4.0,4.0
2025-12-07 01:00:00,ST_JEDDAH_MALL_01,SKU_401,1,5.0,4.0,4.0
2025-12-07 02:00:00,ST_JEDDAH_MALL_01,SKU_401,4,5.0,1.0,1.0
2025-12-07 03:00:00,ST_JEDDAH_MALL_01,SKU_401,3,5.0,2.0,2.0
2025-12-07 04:00:00,ST_JEDDAH_MALL_01,SKU_401,0,5.0,5.0,5.0
2025-12-07 05:00:00,ST_JEDDAH_MALL_01,SKU_401,1,5.0,4.0,4.0
2025-12-07 06:00:00,ST_JEDDAH_MALL_01,SKU_401,0,5.0,5.0,5.0
2025-12-07 07:00:00,ST_JEDDAH_MALL_01,SKU_401,2,5.0,3.0,3.0
2025-12-07 08:00:00,ST_JEDDAH_MALL_01,SKU_401,1,5.0,4.0,4.0
2025-12-07 09:00:00,ST_JEDDAH_MALL_01,SKU_401,0,6.0,6.0,6.0
2025-12-07 10:00:00,ST_JEDDAH_MALL_01,SKU_401,4,6.0,2.0,2.0
2025-12-07 11:00:00,ST_JEDDAH_MALL_01,SKU_401,4,6.0,2.0,2.0
2025-12-07 12:00:00,ST_JEDDAH_MALL_01,SKU_401,5,6.0,1.0,1.0
2025-12-07 13:00:00,ST_JEDDAH_MALL_01,SKU_401,4,6.0,2.0,2.0
2025-12-07 14:00:00,ST_JEDDAH_MALL_01,SKU_401,5,6.0,1.0,1.0
2025-12-07 15:00:00,ST_JEDDAH_MALL_01,SKU_401,0,6.0,6.0,6.0
2025-12-07 16:00:00,ST_JEDDAH_MALL_01,SKU_401,1,6.0,5.0,5.0
2025-12-07 17:00:00,ST_JEDDAH_MALL_01,SKU_401,7,6.0,-1.0,1.0
2025-12-07 18:00:00,ST_JEDDAH_MALL_01,SKU_401,3,6.0,3.0,3.0
2025-12-07 19:00:00,ST_JEDDAH_MALL_01,SKU_401,0,6.0,6.0,6.0
2025-12-07 20:00:00,ST_JEDDAH_MALL_01,SKU_401,0,6.0,6.0,6.0
2025-12-07 21:00:00,ST_JEDDAH_MALL_01,SKU_401,0,6.0,6.0,6.0
2025-12-07 22:00:00,ST_JEDDAH_MALL_01,SKU_401,0,4.0,4.0,4.0
2025-12-07 23:00:00,ST_JEDDAH_MALL_01,SKU_401,0,4.0,4.0,4.0
2025-12-07 00:00:00,ST_JEDDAH_MALL_01,SKU_402,0,1.0,1.0,1.0
2025-12-07 01:00:00,ST_JEDDAH_MALL_01,SKU_402,0,1.0,1.0,1.0
2025-12-07 02:00:00,ST_JEDDAH_MALL_01,SKU_402,0,1.0,1.0,1.0
2025-12-07 03:00:00,ST_JEDDAH_MALL_01,SKU_402,0,1.0,1.0,1.0
2025-12-07 04:00:00,ST_JEDDAH_MALL_01,SKU_402,0,1.0,1.0,1.0
2025-12-07 05:00:00,ST_JEDDAH_MALL_01,SKU_402,0,1.0,1.0,1.0
2025-12-07 06:00:00,ST_JEDDAH_MALL_01,SKU_402,0,1.0,1.0,1.0
2025-12-07 07:00:00,ST_JEDDAH_MALL_01,SKU_402,0,1.0,1.0,1.0
2025-12-07 08:00:00,ST_JEDDAH_MALL_01,SKU_402,0,1.0,1.0,1.0
2025-12-07 09:00:00,ST_JEDDAH_MALL_01,SKU_402,0,1.0,1.0,1.0
2025-12-07 10:00:00,ST_JEDDAH_MALL_01,SKU_402,0,1.0,1.0,1.0
2025-12-07 11:00:00,ST_JEDDAH_MALL_01,SKU_402,0,1.0,1.0,1.0
2025-12-07 12:00:00,ST_JEDDAH_MALL_01,SKU_402,0,1.0,1.0,1.0
2025-12-07 13:00:00,ST_JEDDAH_MALL_01,SKU_402,0,1.0,1.0,1.0
2025-12-07 14:00:00,ST_JEDDAH_MALL_01,SKU_402,0,1.0,1.0,1.0
2025-12-07 15:00:00,ST_JEDDAH_MALL_01,SKU_402,0,1.0,1.0,1.0
2025-12-07 16:00:00,ST_JEDDAH_MALL_01,SKU_402,0,1.0,1.0,1.0
2025-12-07 17:00:00,ST_JEDDAH_MALL_01,SKU_402,8,1.0,-7.0,7.0
2025-12-07 18:00:00,ST_JEDDAH_MALL_01,SKU_402,5,1.0,-4.0,4.0
2025-12-07 19:00:00,ST_JEDDAH_MALL_01,SKU_402,11,1.0,-10.0,10.0
2025-12-07 20:00:00,ST_JEDDAH_MALL_01,SKU_402,10,1.0,-9.0,9.0
2025-12-07 21:00:00,ST_JEDDAH_MALL_01,SKU_402,10,1.0,-9.0,9.0
2025-12-07 22:00:00,ST_JEDDAH_MALL_01,SKU_402,11,1.0,-10.0,10.0
2025-12-07 23:00:00,ST_JEDDAH_MALL_01,SKU_402,0,1.0,1.0,1.0
2025-12-07 00:00:00,ST_JEDDAH_MALL_01,SKU_501,0,1.0,1.0,1.0
2025-12-07 01:00:00,ST_JEDDAH_MALL_01,SKU_501,0,1.0,1.0,1.0
2025-12-07 02:00:00,ST_JEDDAH_MALL_01,SKU_501,0,1.0,1.0,1.0
2025-12-07 03:00:00,ST_JEDDAH_MALL_01,SKU_501,0,1.0,1.0,1.0
2025-12-07 04:00:00,ST_JEDDAH_MALL_01,SKU_501,0,1.0,1.0,1.0
2025-12-07 05:00:00,ST_JEDDAH_MALL_01,SKU_501,0,1.0,1.0,1.0
2025-12-07 06:00:00,ST_JEDDAH_MALL_01,SKU_501,0,1.0,1.0,1.0
2025-12-07 07:00:00,ST_JEDDAH_MALL_01,SKU_501,0,1.0,1.0,1.0
2025-12-07 08:00:00,ST_JEDDAH_MALL_01,SKU_501,0,1.0,1.0,1.0
2025-12-07 09:00:00,ST_JEDDAH_MALL_01,SKU_501,0,1.0,1.0,1.0
2025-12-07 10:00:00,ST_JEDDAH_MALL_01,SKU_501,0,1.0,1.0,1.0
2025-12-07 11:00:00,ST_JEDDAH_MALL_01,SKU_501,0,1.0,1.0,1.0
2025-12-07 12:00:00,ST_JEDDAH_MALL_01,SKU_501,0,1.0,1.0,1.0
2025-12-07 13:00:00,ST_JEDDAH_MALL_01,SKU_501,0,1.0,1.0,1.0
2025-12-07 14:00:00,ST_JEDDAH_MALL_01,SKU_501,5,1.0,-4.0,4.0
2025-12-07 15:00:00,ST_JEDDAH_MALL_01,SKU_501,2,1.0,-1.0,1.0
2025-12-07 16:00:00,ST_JEDDAH_MALL_01,SKU_501,2,1.0,-1.0,1.0
2025-12-07 17:00:00,ST_JEDDAH_MALL_01,SKU_501,2,1.0,-1.0,1.0
2025-12-07 18:00:00,ST_JEDDAH_MALL_01,SKU_501,5,1.0,-4.0,4.0
2025-12-07 19:00:00,ST_JEDDAH_MALL_01,SKU_501,7,1.0,-6.0,6.0
2025-12-07 20:00:00,ST_JEDDAH_MALL_01,SKU_501,8,1.0,-7.0,7.0
2025-12-07 21:00:00,ST_JEDDAH_MALL_01,SKU_501,7,1.0,-6.0,6.0
2025-12-07 22:00:00,ST_JEDDAH_MALL_01,SKU_501,4,1.0,-3.0,3.0
2025-12-07 23:00:00,ST_JEDDAH_MALL_01,SKU_501,1,1.0,0.0,0.0
2025-12-07 00:00:00,ST_JEDDAH_MALL_01,SKU_502,1,8.0,7.0,7.0
2025-12-07 01:00:00,ST_JEDDAH_MALL_01,SKU_502,0,8.0,8.0,8.0
2025-12-07 02:00:00,ST_JEDDAH_MALL_01,SKU_502,7,8.0,1.0,1.0
2025-12-07 03:00:00,ST_JEDDAH_MALL_01,SKU_502,2,9.0,7.0,7.0
2025-12-07 04:00:00,ST_JEDDAH_MALL_01,SKU_502,0,9.0,9.0,9.0
2025-12-07 05:00:00,ST_JEDDAH_MALL_01,SKU_502,2,9.0,7.0,7.0
2025-12-07 06:00:00,ST_JEDDAH_MALL_01,SKU_502,2,9.0,7.0,7.0
2025-12-07 07:00:00,ST_JEDDAH_MALL_01,SKU_502,2,9.0,7.0,7.0
2025-12-07 08:00:00,ST_JEDDAH_MALL_01,SKU_502,1,9.0,8.0,8.0
2025-12-07 09:00:00,ST_JEDDAH_MALL_01,SKU_502,0,9.0,9.0,9.0
2025-12-07 10:00:00,ST_JEDDAH_MALL_01,SKU_502,1,9.0,8.0,8.0
2025-12-07 11:00:00,ST_JEDDAH_MALL_01,SKU_502,2,9.0,7.0,7.0
2025-12-07 12:00:00,ST_JEDDAH_MALL_01,SKU_502,3,9.0,6.0,6.0
2025-12-07 13:00:00,ST_JEDDAH_MALL_01,SKU_502,7,10.0,3.0,3.0
2025-12-07 14:00:00,ST_JEDDAH_MALL_01,SKU_502,5,9.0,4.0,4.0
2025-12-07 15:00:00,ST_JEDDAH_MALL_01,SKU_502,5,10.0,5.0,5.0
2025-12-07 16:00:00,ST_JEDDAH_MALL_01,SKU_502,10,10.0,0.0,0.0
2025-12-07 17:00:00,ST_JEDDAH_MALL_01,SKU_502,1,10.0,9.0,9.0
2025-12-07 18:00:00,ST_JEDDAH_MALL_01,SKU_502,4,10.0,6.0,6.0
2025-12-07 19:00:00,ST_JEDDAH_MALL_01,SKU_502,4,10.0,6.0,6.0
2025-12-07 20:00:00,ST_JEDDAH_MALL_01,SKU_502,0,10.0,10.0,10.0
2025-12-07 21:00:00,ST_JEDDAH_MALL_01,SKU_502,0,10.0,10.0,10.0
2025-12-07 22:00:00,ST_JEDDAH_MALL_01,SKU_502,0,7.0,7.0,7.0
2025-12-07 23:00:00,ST_JEDDAH_MALL_01,SKU_502,0,7.0,7.0,7.0
2025-12-07 00:00:00,ST_JEDDAH_MALL_01,SKU_503,0,1.0,1.0,1.0
2025-12-07 01:00:00,ST_JEDDAH_MALL_01,SKU_503,0,1.0,1.0,1.0
2025-12-07 02:00:00,ST_JEDDAH_MALL_01,SKU_503,0,1.0,1.0,1.0
2025-12-07 03:00:00,ST_JEDDAH_MALL_01,SKU_503,0,1.0,1.0,1.0
2025-12-07 04:00:00,ST_JEDDAH_MALL_01,SKU_503,0,1.0,1.0,1.0
2025-12-07 05:00:00,ST_JEDDAH_MALL_01,SKU_503,0,1.0,1.0,1.0
2025-12-07 06:00:00,ST_JEDDAH_MALL_01,SKU_503,0,1.0,1.0,1.0
2025-12-07 07:00:00,ST_JEDDAH_MALL_01,SKU_503,0,1.0,1.0,1.0
2025-12-07 08:00:00,ST_JEDDAH_MALL_01,SKU_503,0,1.0,1.0,1.0
2025-12-07 09:00:00,ST_JEDDAH_MALL_01,SKU_503,0,1.0,1.0,1.0
2025-12-07 10:00:00,ST_JEDDAH_MALL_01,SKU_503,0,1.0,1.0,1.0
2025-12-07 11:00:00,ST_JEDDAH_MALL_01,SKU_503,0,1.0,1.0,1.0
2025-12-07 12:00:00,ST_JEDDAH_MALL_01,SKU_503,0,1.0,1.0,1.0
2025-12-07 13:00:00,ST_JEDDAH_MALL_01,SKU_503,0,1.0,1.0,1.0
2025-12-07 14:00:00,ST_JEDDAH_MALL_01,SKU_503,0,1.0,1.0,1.0
2025-12-07 15:00:00,ST_JEDDAH_MALL_01,SKU_503,0,1.0,1.0,1.0
2025-12-07 16:00:00,ST_JEDDAH_MALL_01,SKU_503,0,1.0,1.0,1.0
2025-12-07 17:00:00,ST_JEDDAH_MALL_01,SKU_503,0,1.0,1.0,1.0
2025-12-07 18:00:00,ST_JEDDAH_MALL_01,SKU_503,0,1.0,1.0,1.0
2025-12-07 19:00:00,ST_JEDDAH_MALL_01,SKU_503,0,1.0,1.0,1.0
2025-12-07 20:00:00,ST_JEDDAH_MALL_01,SKU_503,0,1.0,1.0,1.0
2025-12-07 21:00:00,ST_JEDDAH_MALL_01,SKU_503,0,1.0,1.0,1.0
2025-12-07 22:00:00,ST_JEDDAH_MALL_01,SKU_503,0,1.0,1.0,1.0
2025-12-07 23:00:00,ST_JEDDAH_MALL_01,SKU_503,0,1.0,1.0,1.0
2025-12-07 00:00:00,ST_RIYADH_MALL_01,SKU_101,3,4.0,1.0,1.0
2025-12-07 01:00:00,ST_RIYADH_MALL_01,SKU_101,6,4.0,-2.0,2.0
2025-12-07 02:00:00,ST_RIYADH_MALL_01,SKU_101,1,4.0,3.0,3.0
2025-12-07 03:00:00,ST_RIYADH_MALL_01,SKU_101,1,5.0,4.0,4.0
2025-12-07 04:00:00,ST_RIYADH_MALL_01,SKU_101,0,5.0,5.0,5.0
2025-12-07 05:00:00,ST_RIYADH_MALL_01,SKU_101,4,5.0,1.0,1.0
2025-12-07 06:00:00,ST_RIYADH_MALL_01,SKU_101,2,5.0,3.0,3.0
2025-12-07 07:00:00,ST_RIYADH_MALL_01,SKU_101,1,5.0,4.0,4.0
2025-12-07 08:00:00,ST_RIYADH_MALL_01,SKU_101,6,5.0,-1.0,1.0
2025-12-07 09:00:00,ST_RIYADH_MALL_01,SKU_101,4,4.0,0.0,0.0
2025-12-07 10:00:00,ST_RIYADH_MALL_01,SKU_101,1,4.0,3.0,3.0
2025-12-07 11:00:00,ST_RIYADH_MALL_01,SKU_101,4,4.0,0.0,0.0
2025-12-07 12:00:00,ST_RIYADH_MALL_01,SKU_101,3,4.0,1.0,1.0
2025-12-07 13:00:00,ST_RIYADH_MALL_01,SKU_101,6,4.0,-2.0,2.0
2025-12-07 14:00:00,ST_RIYADH_MALL_01,SKU_101,4,4.0,0.0,0.0
2025-12-07 15:00:00,ST_RIYADH_MALL_01,SKU_101,2,4.0,2.0,2.0
2025-12-07 16:00:00,ST_RIYADH_MALL_01,SKU_101,0,4.0,4.0,4.0
2025-12-07 17:00:00,ST_RIYADH_MALL_01,SKU_101,1,4.0,3.0,3.0
2025-12-07 18:00:00,ST_RIYADH_MALL_01,SKU_101,2,4.0,2.0,2.0
2025-12-07 19:00:00,ST_RIYADH_MALL_01,SKU_101,5,4.0,-1.0,1.0
2025-12-07 20:00:00,ST_RIYADH_MALL_01,SKU_101,2,5.0,3.0,3.0
2025-12-07 21:00:00,ST_RIYADH_MALL_01,SKU_101,13,5.0,-8.0,8.0
2025-12-07 22:00:00,ST_RIYADH_MALL_01,SKU_101,2,3.0,1.0,1.0
2025-12-07 23:00:00,ST_RIYADH_MALL_01,SKU_101,4,3.0,-1.0,1.0
2025-12-07 00:00:00,ST_RIYADH_MALL_01,SKU_102,0,1.0,1.0,1.0
2025-12-07 01:00:00,ST_RIYADH_MALL_01,SKU_102,0,1.0,1.0,1.0
2025-12-07 02:00:00,ST_RIYADH_MALL_01,SKU_102,0,1.0,1.0,1.0
2025-12-07 03:00:00,ST_RIYADH_MALL_01,SKU_102,1,1.0,0.0,0.0
2025-12-07 04:00:00,ST_RIYADH_MALL_01,SKU_102,7,1.0,-6.0,6.0
2025-12-07 05:00:00,ST_RIYADH_MALL_01,SKU_102,1,1.0,0.0,0.0
2025-12-07 06:00:00,ST_RIYADH_MALL_01,SKU_102,4,1.0,-3.0,3.0
2025-12-07 07:00:00,ST_RIYADH_MALL_01,SKU_102,4,1.0,-3.0,3.0
2025-12-07 08:00:00,ST_RIYADH_MALL_01,SKU_102,2,1.0,-1.0,1.0
2025-12-07 09:00:00,ST_RIYADH_MALL_01,SKU_102,5,1.0,-4.0,4.0
2025-12-07 10:00:00,ST_RIYADH_MALL_01,SKU_102,0,1.0,1.0,1.0
2025-12-07 11:00:00,ST_RIYADH_MALL_01,SKU_102,3,1.0,-2.0,2.0
2025-12-07 12:00:00,ST_RIYADH_MALL_01,SKU_102,5,1.0,-4.0,4.0
2025-12-07 13:00:00,ST_RIYADH_MALL_01,SKU_102,5,1.0,-4.0,4.0
2025-12-07 14:00:00,ST_RIYADH_MALL_01,SKU_102,0,1.0,1.0,1.0
2025-12-07 15:00:00,ST_RIYADH_MALL_01,SKU_102,0,1.0,1.0,1.0
2025-12-07 16:00:00,ST_RIYADH_MALL_01,SKU_102,3,1.0,-2.0,2.0
2025-12-07 17:00:00,ST_RIYADH_MALL_01,SKU_102,4,1.0,-3.0,3.0
2025-12-07 18:00:00,ST_RIYADH_MALL_01,SKU_102,3,1.0,-2.0,2.0
2025-12-07 19:00:00,ST_RIYADH_MALL_01,SKU_102,4,1.0,-3.0,3.0
2025-12-07 20:00:00,ST_RIYADH_MALL_01,SKU_102,2,1.0,-1.0,1.0
2025-12-07 21:00:00,ST_RIYADH_MALL_01,SKU_102,8,1.0,-7.0,7.0
2025-12-07 22:00:00,ST_RIYADH_MALL_01,SKU_102,0,1.0,1.0,1.0
2025-12-07 23:00:00,ST_RIYADH_MALL_01,SKU_102,0,1.0,1.0,1.0
2025-12-07 00:00:00,ST_RIYADH_MALL_01,SKU_103,3,3.0,0.0,0.0
2025-12-07 01:00:00,ST_RIYADH_MALL_01,SKU_103,1,3.0,2.0,2.0
2025-12-07 02:00:00,ST_RIYADH_MALL_01,SKU_103,2,3.0,1.0,1.0
2025-12-07 03:00:00,ST_RIYADH_MALL_01,SKU_103,4,3.0,-1.0,1.0
2025-12-07 04:00:00,ST_RIYADH_MALL_01,SKU_103,3,4.0,1.0,1.0
2025-12-07 05:00:00,ST_RIYADH_MALL_01,SKU_103,3,4.0,1.0,1.0
2025-12-07 06:00:00,ST_RIYADH_MALL_01,SKU_103,6,4.0,-2.0,2.0
2025-12-07 07:00:00,ST_RIYADH_MALL_01,SKU_103,2,4.0,2.0,2.0
2025-12-07 08:00:00,ST_RIYADH_MALL_01,SKU_103,1,4.0,3.0,3.0
2025-12-07 09:00:00,ST_RIYADH_MALL_01,SKU_103,2,3.0,1.0,1.0
2025-12-07 10:00:00,ST_RIYADH_MALL_01,SKU_103,0,3.0,3.0,3.0
2025-12-07 11:00:00,ST_RIYADH_MALL_01,SKU_103,1,3.0,2.0,2.0
2025-12-07 12:00:00,ST_RIYADH_MALL_01,SKU_103,8,3.0,-5.0,5.0
2025-12-07 13:00:00,ST_RIYADH_MALL_01,SKU_103,2,3.0,1.0,1.0
2025-12-07 14:00:00,ST_RIYADH_MALL_01,SKU_103,0,3.0,3.0,3.0
2025-12-07 15:00:00,ST_RIYADH_MALL_01,SKU_103,0,3.0,3.0,3.0
2025-12-07 16:00:00,ST_RIYADH_MALL_01,SKU_103,0,4.0,4.0,4.0
2025-12-07 17:00:00,ST_RIYADH_MALL_01,SKU_103,0,4.0,4.0,4.0
2025-12-07 18:00:00,ST_RIYADH_MALL_01,SKU_103,0,4.0,4.0,4.0
2025-12-07 19:00:00,ST_RIYADH_MALL_01,SKU_103,0,4.0,4.0,4.0
2025-12-07 20:00:00,ST_RIYADH_MALL_01,SKU_103,0,5.0,5.0,5.0
2025-12-07 21:00:00,ST_RIYADH_MALL_01,SKU_103,0,5.0,5.0,5.0
2025-12-07 22:00:00,ST_RIYADH_MALL_01,SKU_103,0,3.0,3.0,3.0
2025-12-07 23:00:00,ST_RIYADH_MALL_01,SKU_103,4,3.0,-1.0,1.0
2025-12-07 00:00:00,ST_RIYADH_MALL_01,SKU_201,2,5.0,3.0,3.0
2025-12-07 01:00:00,ST_RIYADH_MALL_01,SKU_201,2,5.0,3.0,3.0
2025-12-07 02:00:00,ST_RIYADH_MALL_01,SKU_201,0,5.0,5.0,5.0
2025-12-07 03:00:00,ST_RIYADH_MALL_01,SKU_201,0,5.0,5.0,5.0
2025-12-07 04:00:00,ST_RIYADH_MALL_01,SKU_201,0,5.0,5.0,5.0
2025-12-07 05:00:00,ST_RIYADH_MALL_01,SKU_201,0,5.0,5.0,5.0
2025-12-07 06:00:00,ST_RIYADH_MALL_01,SKU_201,0,5.0,5.0,5.0
2025-12-07 07:00:00,ST_RIYADH_MALL_01,SKU_201,0,5.0,5.0,5.0
2025-12-07 08:00:00,ST_RIYADH_MALL_01,SKU_201,0,5.0,5.0,5.0
2025-12-07 09:00:00,ST_RIYADH_MALL_01,SKU_201,0,6.0,6.0,6.0
2025-12-07 10:00:00,ST_RIYADH_MALL_01,SKU_201,0,6.0,6.0,6.0
2025-12-07 11:00:00,ST_RIYADH_MALL_01,SKU_201,0,6.0,6.0,6.0
2025-12-07 12:00:00,ST_RIYADH_MALL_01,SKU_201,0,6.0,6.0,6.0
2025-12-07 13:00:00,ST_RIYADH_MALL_01,SKU_201,0,6.0,6.0,6.0
2025-12-07 14:00:00,ST_RIYADH_MALL_01,SKU_201,3,6.0,3.0,3.0
2025-12-07 15:00:00,ST_RIYADH_MALL_01,SKU_201,2,6.0,4.0,4.0
2025-12-07 16:00:00,ST_RIYADH_MALL_01,SKU_201,3,6.0,3.0,3.0
2025-12-07 17:00:00,ST_RIYADH_MALL_01,SKU_201,6,6.0,0.0,0.0
2025-12-07 18:00:00,ST_RIYADH_MALL_01,SKU_201,4,6.0,2.0,2.0
2025-12-07 19:00:00,ST_RIYADH_MALL_01,SKU_201,6,6.0,0.0,0.0
2025-12-07 20:00:00,ST_RIYADH_MALL_01,SKU_201,6,6.0,0.0,0.0
2025-12-07 21:00:00,ST_RIYADH_MALL_01,SKU_201,5,6.0,1.0,1.0
2025-12-07 22:00:00,ST_RIYADH_MALL_01,SKU_201,2,5.0,3.0,3.0
2025-12-07 23:00:00,ST_RIYADH_MALL_01,SKU_201,1,5.0,4.0,4.0
2025-12-07 00:00:00,ST_RIYADH_MALL_01,SKU_202,0,1.0,1.0,1.0
2025-12-07 01:00:00,ST_RIYADH_MALL_01,SKU_202,0,1.0,1.0,1.0
2025-12-07 02:00:00,ST_RIYADH_MALL_01,SKU_202,0,1.0,1.0,1.0
2025-12-07 03:00:00,ST_RIYADH_MALL_01,SKU_202,0,1.0,1.0,1.0
2025-12-07 04:00:00,ST_RIYADH_MALL_01,SKU_202,0,1.0,1.0,1.0
2025-12-07 05:00:00,ST_RIYADH_MALL_01,SKU_202,0,1.0,1.0,1.0
2025-12-07 06:00:00,ST_RIYADH_MALL_01,SKU_202,0,1.0,1.0,1.0
2025-12-07 07:00:00,ST_RIYADH_MALL_01,SKU_202,0,1.0,1.0,1.0
2025-12-07 08:00:00,ST_RIYADH_MALL_01,SKU_202,0,1.0,1.0,1.0
2025-12-07 09:00:00,ST_RIYADH_MALL_01,SKU_202,0,1.0,1.0,1.0
2025-12-07 10:00:00,ST_RIYADH_MALL_01,SKU_202,0,1.0,1.0,1.0
2025-12-07 11:00:00,ST_RIYADH_MALL_01,SKU_202,0,1.0,1.0,1.0
2025-12-07 12:00:00,ST_RIYADH_MALL_01,SKU_202,0,1.0,1.0,1.0
2025-12-07 13:00:00,ST_RIYADH_MALL_01,SKU_202,0,1.0,1.0,1.0
2025-12-07 14:00:00,ST_RIYADH_MALL_01,SKU_202,0,1.0,1.0,1.0
2025-12-07 15:00:00,ST_RIYADH_MALL_01,SKU_202,2,1.0,-1.0,1.0
2025-12-07 16:00:00,ST_RIYADH_MALL_01,SKU_202,0,1.0,1.0,1.0
2025-12-07 17:00:00,ST_RIYADH_MALL_01,SKU_202,2,1.0,-1.0,1.0
2025-12-07 18:00:00,ST_RIYADH_MALL_01,SKU_202,3,1.0,-2.0,2.0
2025-12-07 19:00:00,ST_RIYADH_MALL_01,SKU_202,9,1.0,-8.0,8.0
2025-12-07 20:00:00,ST_RIYADH_MALL_01,SKU_202,4,1.0,-3.0,3.0
2025-12-07 21:00:00,ST_RIYADH_MALL_01,SKU_202,2,1.0,-1.0,1.0
2025-12-07 22:00:00,ST_RIYADH_MALL_01,SKU_202,1,1.0,0.0,0.0
2025-12-07 23:00:00,ST_RIYADH_MALL_01,SKU_202,2,1.0,-1.0,1.0
2025-12-07 00:00:00,ST_RIYADH_MALL_01,SKU_301,0,4.0,4.0,4.0
2025-12-07 01:00:00,ST_RIYADH_MALL_01,SKU_301,3,4.0,1.0,1.0
2025-12-07 02:00:00,ST_RIYADH_MALL_01,SKU_301,0,4.0,4.0,4.0
2025-12-07 03:00:00,ST_RIYADH_MALL_01,SKU_301,2,4.0,2.0,2.0
2025-12-07 04:00:00,ST_RIYADH_MALL_01,SKU_301,1,4.0,3.0,3.0
2025-12-07 05:00:00,ST_RIYADH_MALL_01,SKU_301,2,4.0,2.0,2.0
2025-12-07 06:00:00,ST_RIYADH_MALL_01,SKU_301,4,4.0,0.0,0.0
2025-12-07 07:00:00,ST_RIYADH_MALL_01,SKU_301,0,4.0,4.0,4.0
2025-12-07 08:00:00,ST_RIYADH_MALL_01,SKU_301,3,4.0,1.0,1.0
2025-12-07 09:00:00,ST_RIYADH_MALL_01,SKU_301,1,6.0,5.0,5.0
2025-12-07 10:00:00,ST_RIYADH_MALL_01,SKU_301,1,6.0,5.0,5.0
2025-12-07 11:00:00,ST_RIYADH_MALL_01,SKU_301,4,7.0,3.0,3.0
2025-12-07 12:00:00,ST_RIYADH_MALL_01,SKU_301,5,7.0,2.0,2.0
2025-12-07 13:00:00,ST_RIYADH_MALL_01,SKU_301,3,7.0,4.0,4.0
2025-12-07 14:00:00,ST_RIYADH_MALL_01,SKU_301,3,6.0,3.0,3.0
2025-12-07 15:00:00,ST_RIYADH_MALL_01,SKU_301,1,7.0,6.0,6.0
2025-12-07 16:00:00,ST_RIYADH_MALL_01,SKU_301,2,7.0,5.0,5.0
2025-12-07 17:00:00,ST_RIYADH_MALL_01,SKU_301,3,7.0,4.0,4.0
2025-12-07 18:00:00,ST_RIYADH_MALL_01,SKU_301,14,7.0,-7.0,7.0
2025-12-07 19:00:00,ST_RIYADH_MALL_01,SKU_301,9,7.0,-2.0,2.0
2025-12-07 20:00:00,ST_RIYADH_MALL_01,SKU_301,11,7.0,-4.0,4.0
2025-12-07 21:00:00,ST_RIYADH_MALL_01,SKU_301,2,7.0,5.0,5.0
2025-12-07 22:00:00,ST_RIYADH_MALL_01,SKU_301,6,5.0,-1.0,1.0
2025-12-07 23:00:00,ST_RIYADH_MALL_01,SKU_301,2,5.0,3.0,3.0
2025-12-07 00:00:00,ST_RIYADH_MALL_01,SKU_302,0,1.0,1.0,1.0
2025-12-07 01:00:00,ST_RIYADH_MALL_01,SKU_302,0,1.0,1.0,1.0
2025-12-07 02:00:00,ST_RIYADH_MALL_01,SKU_302,0,1.0,1.0,1.0
2025-12-07 03:00:00,ST_RIYADH_MALL_01,SKU_302,0,1.0,1.0,1.0
2025-12-07 04:00:00,ST_RIYADH_MALL_01,SKU_302,0,1.0,1.0,1.0
2025-12-07 05:00:00,ST_RIYADH_MALL_01,SKU_302,0,1.0,1.0,1.0
2025-12-07 06:00:00,ST_RIYADH_MALL_01,SKU_302,0,1.0,1.0,1.0
2025-12-07 07:00:00,ST_RIYADH_MALL_01,SKU_302,1,1.0,0.0,0.0
2025-12-07 08:00:00,ST_RIYADH_MALL_01,SKU_302,0,1.0,1.0,1.0
2025-12-07 09:00:00,ST_RIYADH_MALL_01,SKU_302,0,1.0,1.0,1.0
2025-12-07 10:00:00,ST_RIYADH_MALL_01,SKU_302,4,1.0,-3.0,3.0
2025-12-07 11:00:00,ST_RIYADH_MALL_01,SKU_302,8,1.0,-7.0,7.0
2025-12-07 12:00:00,ST_RIYADH_MALL_01,SKU_302,3,1.0,-2.0,2.0
2025-12-07 13:00:00,ST_RIYADH_MALL_01,SKU_302,0,1.0,1.0,1.0
2025-12-07 14:00:00,ST_RIYADH_MALL_01,SKU_302,5,1.0,-4.0,4.0
2025-12-07 15:00:00,ST_RIYADH_MALL_01,SKU_302,3,1.0,-2.0,2.0
2025-12-07 16:00:00,ST_RIYADH_MALL_01,SKU_302,2,1.0,-1.0,1.0
2025-12-07 17:00:00,ST_RIYADH_MALL_01,SKU_302,9,1.0,-8.0,8.0
2025-12-07 18:00:00,ST_RIYADH_MALL_01,SKU_302,4,1.0,-3.0,3.0
2025-12-07 19:00:00,ST_RIYADH_MALL_01,SKU_302,7,1.0,-6.0,6.0
2025-12-07 20:00:00,ST_RIYADH_MALL_01,SKU_302,5,1.0,-4.0,4.0
2025-12-07 21:00:00,ST_RIYADH_MALL_01,SKU_302,5,1.0,-4.0,4.0
2025-12-07 22:00:00,ST_RIYADH_MALL_01,SKU_302,14,1.0,-13.0,13.0
2025-12-07 23:00:00,ST_RIYADH_MALL_01,SKU_302,2,1.0,-1.0,1.0
2025-12-07 00:00:00,ST_RIYADH_MALL_01,SKU_303,0,1.0,1.0,1.0
2025-12-07 01:00:00,ST_RIYADH_MALL_01,SKU_303,0,1.0,1.0,1.0
2025-12-07 02:00:00,ST_RIYADH_MALL_01,SKU_303,0,1.0,1.0,1.0
2025-12-07 03:00:00,ST_RIYADH_MALL_01,SKU_303,0,1.0,1.0,1.0
2025-12-07 04:00:00,ST_RIYADH_MALL_01,SKU_303,0,1.0,1.0,1.0
2025-12-07 05:00:00,ST_RIYADH_MALL_01,SKU_303,0,1.0,1.0,1.0
2025-12-07 06:00:00,ST_RIYADH_MALL_01,SKU_303,0,1.0,1.0,1.0
2025-12-07 07:00:00,ST_RIYADH_MALL_01,SKU_303,0,1.0,1.0,1.0
2025-12-07 08:00:00,ST_RIYADH_MALL_01,SKU_303,0,1.0,1.0,1.0
2025-12-07 09:00:00,ST_RIYADH_MALL_01,SKU_303,0,1.0,1.0,1.0
2025-12-07 10:00:00,ST_RIYADH_MALL_01,SKU_303,0,1.0,1.0,1.0
2025-12-07 11:00:00,ST_RIYADH_MALL_01,SKU_303,0,1.0,1.0,1.0
2025-12-07 12:00:00,ST_RIYADH_MALL_01,SKU_303,0,1.0,1.0,1.0
2025-12-07 13:00:00,ST_RIYADH_MALL_01,SKU_303,0,1.0,1.0,1.0
2025-12-07 14:00:00,ST_RIYADH_MALL_01,SKU_303,0,1.0,1.0,1.0
2025-12-07 15:00:00,ST_RIYADH_MALL_01,SKU_303,0,1.0,1.0,1.0
2025-12-07 16:00:00,ST_RIYADH_MALL_01,SKU_303,0,1.0,1.0,1.0
2025-12-07 17:00:00,ST_RIYADH_MALL_01,SKU_303,0,1.0,1.0,1.0
2025-12-07 18:00:00,ST_RIYADH_MALL_01,SKU_303,0,1.0,1.0,1.0
2025-12-07 19:00:00,ST_RIYADH_MALL_01,SKU_303,0,1.0,1.0,1.0
2025-12-07 20:00:00,ST_RIYADH_MALL_01,SKU_303,0,1.0,1.0,1.0
2025-12-07 21:00:00,ST_RIYADH_MALL_01,SKU_303,0,1.0,1.0,1.0
2025-12-07 22:00:00,ST_RIYADH_MALL_01,SKU_303,0,1.0,1.0,1.0
2025-12-07 23:00:00,ST_RIYADH_MALL_01,SKU_303,0,1.0,1.0,1.0
2025-12-07 00:00:00,ST_RIYADH_MALL_01,SKU_304,0,1.0,1.0,1.0
2025-12-07 01:00:00,ST_RIYADH_MALL_01,SKU_304,0,1.0,1.0,1.0
2025-12-07 02:00:00,ST_RIYADH_MALL_01,SKU_304,0,1.0,1.0,1.0
2025-12-07 03:00:00,ST_RIYADH_MALL_01,SKU_304,0,1.0,1.0,1.0
2025-12-07 04:00:00,ST_RIYADH_MALL_01,SKU_304,3,1.0,-2.0,2.0
2025-12-07 05:00:00,ST_RIYADH_MALL_01,SKU_304,1,1.0,0.0,0.0
2025-12-07 06:00:00,ST_RIYADH_MALL_01,SKU_304,0,1.0,1.0,1.0
2025-12-07 07:00:00,ST_RIYADH_MALL_01,SKU_304,3,1.0,-2.0,2.0
2025-12-07 08:00:00,ST_RIYADH_MALL_01,SKU_304,0,1.0,1.0,1.0
2025-12-07 09:00:00,ST_RIYADH_MALL_01,SKU_304,0,1.0,1.0,1.0
2025-12-07 10:00:00,ST_RIYADH_MALL_01,SKU_304,3,1.0,-2.0,2.0
2025-12-07 11:00:00,ST_RIYADH_MALL_01,SKU_304,7,1.0,-6.0,6.0
2025-12-07 12:00:00,ST_RIYADH_MALL_01,SKU_304,10,1.0,-9.0,9.0
2025-12-07 13:00:00,ST_RIYADH_MALL_01,SKU_304,6,1.0,-5.0,5.0
2025-12-07 14:00:00,ST_RIYADH_MALL_01,SKU_304,5,1.0,-4.0,4.0
2025-12-07 15:00:00,ST_RIYADH_MALL_01,SKU_304,4,1.0,-3.0,3.0
2025-12-07 16:00:00,ST_RIYADH_MALL_01,SKU_304,2,1.0,-1.0,1.0
2025-12-07 17:00:00,ST_RIYADH_MALL_01,SKU_304,1,1.0,0.0,0.0
2025-12-07 18:00:00,ST_RIYADH_MALL_01,SKU_304,7,1.0,-6.0,6.0
2025-12-07 19:00:00,ST_RIYADH_MALL_01,SKU_304,8,1.0,-7.0,7.0
2025-12-07 20:00:00,ST_RIYADH_MALL_01,SKU_304,7,1.0,-6.0,6.0
2025-12-07 21:00:00,ST_RIYADH_MALL_01,SKU_304,10,1.0,-9.0,9.0
2025-12-07 22:00:00,ST_RIYADH_MALL_01,SKU_304,14,1.0,-13.0,13.0
2025-12-07 23:00:00,ST_RIYADH_MALL_01,SKU_304,2,1.0,-1.0,1.0
2025-12-07 00:00:00,ST_RIYADH_MALL_01,SKU_305,1,11.0,10.0,10.0
2025-12-07 01:00:00,ST_RIYADH_MALL_01,SKU_305,1,11.0,10.0,10.0
2025-12-07 02:00:00,ST_RIYADH_MALL_01,SKU_305,1,11.0,10.0,10.0
2025-12-07 03:00:00,ST_RIYADH_MALL_01,SKU_305,1,11.0,10.0,10.0
2025-12-07 04:00:00,ST_RIYADH_MALL_01,SKU_305,0,11.0,11.0,11.0
2025-12-07 05:00:00,ST_RIYADH_MALL_01,SKU_305,0,11.0,11.0,11.0
2025-12-07 06:00:00,ST_RIYADH_MALL_01,SKU_305,1,11.0,10.0,10.0
2025-12-07 07:00:00,ST_RIYADH_MALL_01,SKU_305,3,11.0,8.0,8.0
2025-12-07 08:00:00,ST_RIYADH_MALL_01,SKU_305,3,11.0,8.0,8.0
2025-12-07 09:00:00,ST_RIYADH_MALL_01,SKU_305,0,12.0,12.0,12.0
2025-12-07 10:00:00,ST_RIYADH_MALL_01,SKU_305,3,12.0,9.0,9.0
2025-12-07 11:00:00,ST_RIYADH_MALL_01,SKU_305,6,13.0,7.0,7.0
2025-12-07 12:00:00,ST_RIYADH_MALL_01,SKU_305,6,13.0,7.0,7.0
2025-12-07 13:00:00,ST_RIYADH_MALL_01,SKU_305,4,13.0,9.0,9.0
2025-12-07 14:00:00,ST_RIYADH_MALL_01,SKU_305,1,13.0,12.0,12.0
2025-12-07 15:00:00,ST_RIYADH_MALL_01,SKU_305,0,13.0,13.0,13.0
2025-12-07 16:00:00,ST_RIYADH_MALL_01,SKU_305,0,14.0,14.0,14.0
2025-12-07 17:00:00,ST_RIYADH_MALL_01,SKU_305,0,14.0,14.0,14.0
2025-12-07 18:00:00,ST_RIYADH_MALL_01,SKU_305,0,14.0,14.0,14.0
2025-12-07 19:00:00,ST_RIYADH_MALL_01,SKU_305,0,14.0,14.0,14.0
2025-12-07 20:00:00,ST_RIYADH_MALL_01,SKU_305,0,13.0,13.0,13.0
2025-12-07 21:00:00,ST_RIYADH_MALL_01,SKU_305,0,13.0,13.0,13.0
2025-12-07 22:00:00,ST_RIYADH_MALL_01,SKU_305,0,11.0,11.0,11.0
2025-12-07 23:00:00,ST_RIYADH_MALL_01,SKU_305,0,11.0,11.0,11.0
2025-12-07 00:00:00,ST_RIYADH_MALL_01,SKU_306,2,6.0,4.0,4.0
2025-12-07 01:00:00,ST_RIYADH_MALL_01,SKU_306,0,6.0,6.0,6.0
2025-12-07 02:00:00,ST_RIYADH_MALL_01,SKU_306,1,6.0,5.0,5.0
2025-12-07 03:00:00,ST_RIYADH_MALL_01,SKU_306,2,6.0,4.0,4.0
2025-12-07 04:00:00,ST_RIYADH_MALL_01,SKU_306,3,6.0,3.0,3.0
2025-12-07 05:00:00,ST_RIYADH_MALL_01,SKU_306,4,6.0,2.0,2.0
2025-12-07 06:00:00,ST_RIYADH_MALL_01,SKU_306,0,6.0,6.0,6.0
2025-12-07 07:00:00,ST_RIYADH_MALL_01,SKU_306,3,6.0,3.0,3.0
2025-12-07 08:00:00,ST_RIYADH_MALL_01,SKU_306,0,6.0,6.0,6.0
2025-12-07 09:00:00,ST_RIYADH_MALL_01,SKU_306,0,8.0,8.0,8.0
2025-12-07 10:00:00,ST_RIYADH_MALL_01,SKU_306,0,8.0,8.0,8.0
2025-12-07 11:00:00,ST_RIYADH_MALL_01,SKU_306,0,9.0,9.0,9.0
2025-12-07 12:00:00,ST_RIYADH_MALL_01,SKU_306,0,9.0,9.0,9.0
2025-12-07 13:00:00,ST_RIYADH_MALL_01,SKU_306,0,9.0,9.0,9.0
2025-12-07 14:00:00,ST_RIYADH_MALL_01,SKU_306,0,9.0,9.0,9.0
2025-12-07 15:00:00,ST_RIYADH_MALL_01,SKU_306,0,9.0,9.0,9.0
2025-12-07 16:00:00,ST_RIYADH_MALL_01,SKU_306,0,10.0,10.0,10.0
2025-12-07 17:00:00,ST_RIYADH_MALL_01,SKU_306,0,10.0,10.0,10.0
2025-12-07 18:00:00,ST_RIYADH_MALL_01,SKU_306,0,10.0,10.0,10.0
2025-12-07 19:00:00,ST_RIYADH_MALL_01,SKU_306,0,10.0,10.0,10.0
2025-12-07 20:00:00,ST_RIYADH_MALL_01,SKU_306,0,10.0,10.0,10.0
2025-12-07 21:00:00,ST_RIYADH_MALL_01,SKU_306,0,10.0,10.0,10.0
2025-12-07 22:00:00,ST_RIYADH_MALL_01,SKU_306,0,8.0,8.0,8.0
2025-12-07 23:00:00,ST_RIYADH_MALL_01,SKU_306,0,8.0,8.0,8.0
2025-12-07 00:00:00,ST_RIYADH_MALL_01,SKU_401,0,1.0,1.0,1.0
2025-12-07 01:00:00,ST_RIYADH_MALL_01,SKU_401,0,1.0,1.0,1.0
2025-12-07 02:00:00,ST_RIYADH_MALL_01,SKU_401,0,1.0,1.0,1.0
2025-12-07 03:00:00,ST_RIYADH_MALL_01,SKU_401,0,1.0,1.0,1.0
2025-12-07 04:00:00,ST_RIYADH_MALL_01,SKU_401,0,1.0,1.0,1.0
2025-12-07 05:00:00,ST_RIYADH_MALL_01,SKU_401,0,1.0,1.0,1.0
2025-12-07 06:00:00,ST_RIYADH_MALL_01,SKU_401,0,1.0,1.0,1.0
2025-12-07 07:00:00,ST_RIYADH_MALL_01,SKU_401,0,1.0,1.0,1.0
2025-12-07 08:00:00,ST_RIYADH_MALL_01,SKU_401,0,1.0,1.0,1.0
2025-12-07 09:00:00,ST_RIYADH_MALL_01,SKU_401,0,1.0,1.0,1.0
2025-12-07 10:00:00,ST_RIYADH_MALL_01,SKU_401,0,1.0,1.0,1.0
2025-12-07 11:00:00,ST_RIYADH_MALL_01,SKU_401,0,1.0,1.0,1.0
2025-12-07 12:00:00,ST_RIYADH_MALL_01,SKU_401,0,1.0,1.0,1.0
2025-12-07 13:00:00,ST_RIYADH_MALL_01,SKU_401,0,1.0,1.0,1.0
2025-12-07 14:00:00,ST_RIYADH_MALL_01,SKU_401,0,1.0,1.0,1.0
2025-12-07 15:00:00,ST_RIYADH_MALL_01,SKU_401,0,1.0,1.0,1.0
2025-12-07 16:00:00,ST_RIYADH_MALL_01,SKU_401,0,1.0,1.0,1.0
2025-12-07 17:00:00,ST_RIYADH_MALL_01,SKU_401,0,1.0,1.0,1.0
2025-12-07 18:00:00,ST_RIYADH_MALL_01,SKU_401,0,1.0,1.0,1.0
2025-12-07 19:00:00,ST_RIYADH_MALL_01,SKU_401,0,1.0,1.0,1.0
2025-12-07 20:00:00,ST_RIYADH_MALL_01,SKU_401,0,1.0,1.0,1.0
2025-12-07 21:00:00,ST_RIYADH_MALL_01,SKU_401,0,1.0,1.0,1.0
2025-12-07 22:00:00,ST_RIYADH_MALL_01,SKU_401,0,1.0,1.0,1.0
2025-12-07 23:00:00,ST_RIYADH_MALL_01,SKU_401,1,1.0,0.0,0.0
2025-12-07 00:00:00,ST_RIYADH_MALL_01,SKU_402,0,1.0,1.0,1.0
2025-12-07 01:00:00,ST_RIYADH_MALL_01,SKU_402,0,1.0,1.0,1.0
2025-12-07 02:00:00,ST_RIYADH_MALL_01,SKU_402,0,1.0,1.0,1.0
2025-12-07 03:00:00,ST_RIYADH_MALL_01,SKU_402,0,1.0,1.0,1.0
2025-12-07 04:00:00,ST_RIYADH_MALL_01,SKU_402,0,1.0,1.0,1.0
2025-12-07 05:00:00,ST_RIYADH_MALL_01,SKU_402,0,1.0,1.0,1.0
2025-12-07 06:00:00,ST_RIYADH_MALL_01,SKU_402,0,1.0,1.0,1.0
2025-12-07 07:00:00,ST_RIYADH_MALL_01,SKU_402,0,1.0,1.0,1.0
2025-12-07 08:00:00,ST_RIYADH_MALL_01,SKU_402,0,1.0,1.0,1.0
2025-12-07 09:00:00,ST_RIYADH_MALL_01,SKU_402,0,1.0,1.0,1.0
2025-12-07 10:00:00,ST_RIYADH_MALL_01,SKU_402,0,1.0,1.0,1.0
2025-12-07 11:00:00,ST_RIYADH_MALL_01,SKU_402,0,1.0,1.0,1.0
2025-12-07 12:00:00,ST_RIYADH_MALL_01,SKU_402,0,1.0,1.0,1.0
2025-12-07 13:00:00,ST_RIYADH_MALL_01,SKU_402,0,1.0,1.0,1.0
2025-12-07 14:00:00,ST_RIYADH_MALL_01,SKU_402,0,1.0,1.0,1.0
2025-12-07 15:00:00,ST_RIYADH_MALL_01,SKU_402,0,1.0,1.0,1.0
2025-12-07 16:00:00,ST_RIYADH_MALL_01,SKU_402,0,1.0,1.0,1.0
2025-12-07 17:00:00,ST_RIYADH_MALL_01,SKU_402,0,1.0,1.0,1.0
2025-12-07 18:00:00,ST_RIYADH_MALL_01,SKU_402,0,1.0,1.0,1.0
2025-12-07 19:00:00,ST_RIYADH_MALL_01,SKU_402,0,1.0,1.0,1.0
2025-12-07 20:00:00,ST_RIYADH_MALL_01,SKU_402,0,1.0,1.0,1.0
2025-12-07 21:00:00,ST_RIYADH_MALL_01,SKU_402,0,1.0,1.0,1.0
2025-12-07 22:00:00,ST_RIYADH_MALL_01,SKU_402,0,1.0,1.0,1.0
2025-12-07 23:00:00,ST_RIYADH_MALL_01,SKU_402,0,1.0,1.0,1.0
2025-12-07 00:00:00,ST_RIYADH_MALL_01,SKU_501,2,5.0,3.0,3.0
2025-12-07 01:00:00,ST_RIYADH_MALL_01,SKU_501,1,5.0,4.0,4.0
2025-12-07 02:00:00,ST_RIYADH_MALL_01,SKU_501,0,5.0,5.0,5.0
2025-12-07 03:00:00,ST_RIYADH_MALL_01,SKU_501,1,6.0,5.0,5.0
2025-12-07 04:00:00,ST_RIYADH_MALL_01,SKU_501,1,6.0,5.0,5.0
2025-12-07 05:00:00,ST_RIYADH_MALL_01,SKU_501,4,6.0,2.0,2.0
2025-12-07 06:00:00,ST_RIYADH_MALL_01,SKU_501,2,6.0,4.0,4.0
2025-12-07 07:00:00,ST_RIYADH_MALL_01,SKU_501,0,6.0,6.0,6.0
2025-12-07 08:00:00,ST_RIYADH_MALL_01,SKU_501,0,6.0,6.0,6.0
2025-12-07 09:00:00,ST_RIYADH_MALL_01,SKU_501,0,6.0,6.0,6.0
2025-12-07 10:00:00,ST_RIYADH_MALL_01,SKU_501,1,6.0,5.0,5.0
2025-12-07 11:00:00,ST_RIYADH_MALL_01,SKU_501,4,6.0,2.0,2.0
2025-12-07 12:00:00,ST_RIYADH_MALL_01,SKU_501,1,6.0,5.0,5.0
2025-12-07 13:00:00,ST_RIYADH_MALL_01,SKU_501,2,6.0,4.0,4.0
2025-12-07 14:00:00,ST_RIYADH_MALL_01,SKU_501,4,6.0,2.0,2.0
2025-12-07 15:00:00,ST_RIYADH_MALL_01,SKU_501,5,6.0,1.0,1.0
2025-12-07 16:00:00,ST_RIYADH_MALL_01,SKU_501,4,6.0,2.0,2.0
2025-12-07 17:00:00,ST_RIYADH_MALL_01,SKU_501,0,6.0,6.0,6.0
2025-12-07 18:00:00,ST_RIYADH_MALL_01,SKU_501,6,6.0,0.0,0.0
2025-12-07 19:00:00,ST_RIYADH_MALL_01,SKU_501,8,6.0,-2.0,2.0
2025-12-07 20:00:00,ST_RIYADH_MALL_01,SKU_501,8,6.0,-2.0,2.0
2025-12-07 21:00:00,ST_RIYADH_MALL_01,SKU_501,4,6.0,2.0,2.0
2025-12-07 22:00:00,ST_RIYADH_MALL_01,SKU_501,4,4.0,0.0,0.0
2025-12-07 23:00:00,ST_RIYADH_MALL_01,SKU_501,0,3.0,3.0,3.0
2025-12-07 00:00:00,ST_RIYADH_MALL_01,SKU_502,2,5.0,3.0,3.0
2025-12-07 01:00:00,ST_RIYADH_MALL_01,SKU_502,1,6.0,5.0,5.0
2025-12-07 02:00:00,ST_RIYADH_MALL_01,SKU_502,5,5.0,0.0,0.0
2025-12-07 03:00:00,ST_RIYADH_MALL_01,SKU_502,2,6.0,4.0,4.0
2025-12-07 04:00:00,ST_RIYADH_MALL_01,SKU_502,3,6.0,3.0,3.0
2025-12-07 05:00:00,ST_RIYADH_MALL_01,SKU_502,1,6.0,5.0,5.0
2025-12-07 06:00:00,ST_RIYADH_MALL_01,SKU_502,0,6.0,6.0,6.0
2025-12-07 07:00:00,ST_RIYADH_MALL_01,SKU_502,1,6.0,5.0,5.0
2025-12-07 08:00:00,ST_RIYADH_MALL_01,SKU_502,1,6.0,5.0,5.0
2025-12-07 09:00:00,ST_RIYADH_MALL_01,SKU_502,2,6.0,4.0,4.0
2025-12-07 10:00:00,ST_RIYADH_MALL_01,SKU_502,3,6.0,3.0,3.0
2025-12-07 11:00:00,ST_RIYADH_MALL_01,SKU_502,2,6.0,4.0,4.0
2025-12-07 12:00:00,ST_RIYADH_MALL_01,SKU_502,5,6.0,1.0,1.0
2025-12-07 13:00:00,ST_RIYADH_MALL_01,SKU_502,4,6.0,2.0,2.0
2025-12-07 14:00:00,ST_RIYADH_MALL_01,SKU_502,3,6.0,3.0,3.0
2025-12-07 15:00:00,ST_RIYADH_MALL_01,SKU_502,3,6.0,3.0,3.0
2025-12-07 16:00:00,ST_RIYADH_MALL_01,SKU_502,6,6.0,0.0,0.0
2025-12-07 17:00:00,ST_RIYADH_MALL_01,SKU_502,1,6.0,5.0,5.0
2025-12-07 18:00:00,ST_RIYADH_MALL_01,SKU_502,8,6.0,-2.0,2.0
2025-12-07 19:00:00,ST_RIYADH_MALL_01,SKU_502,4,6.0,2.0,2.0
2025-12-07 20:00:00,ST_RIYADH_MALL_01,SKU_502,2,6.0,4.0,4.0
2025-12-07 21:00:00,ST_RIYADH_MALL_01,SKU_502,3,6.0,3.0,3.0
2025-12-07 22:00:00,ST_RIYADH_MALL_01,SKU_502,3,4.0,1.0,1.0
2025-12-07 23:00:00,ST_RIYADH_MALL_01,SKU_502,1,4.0,3.0,3.0
2025-12-07 00:00:00,ST_RIYADH_MALL_01,SKU_503,0,1.0,1.0,1.0
2025-12-07 01:00:00,ST_RIYADH_MALL_01,SKU_503,0,1.0,1.0,1.0
2025-12-07 02:00:00,ST_RIYADH_MALL_01,SKU_503,0,1.0,1.0,1.0
2025-12-07 03:00:00,ST_RIYADH_MALL_01,SKU_503,0,1.0,1.0,1.0
2025-12-07 04:00:00,ST_RIYADH_MALL_01,SKU_503,0,1.0,1.0,1.0
2025-12-07 05:00:00,ST_RIYADH_MALL_01,SKU_503,0,1.0,1.0,1.0
2025-12-07 06:00:00,ST_RIYADH_MALL_01,SKU_503,0,1.0,1.0,1.0
2025-12-07 07:00:00,ST_RIYADH_MALL_01,SKU_503,0,1.0,1.0,1.0
2025-12-07 08:00:00,ST_RIYADH_MALL_01,SKU_503,0,1.0,1.0,1.0
2025-12-07 09:00:00,ST_RIYADH_MALL_01,SKU_503,0,1.0,1.0,1.0
2025-12-07 10:00:00,ST_RIYADH_MALL_01,SKU_503,0,1.0,1.0,1.0
2025-12-07 11:00:00,ST_RIYADH_MALL_01,SKU_503,0,1.0,1.0,1.0
2025-12-07 12:00:00,ST_RIYADH_MALL_01,SKU_503,0,1.0,1.0,1.0
2025-12-07 13:00:00,ST_RIYADH_MALL_01,SKU_503,0,1.0,1.0,1.0
2025-12-07 14:00:00,ST_RIYADH_MALL_01,SKU_503,0,1.0,1.0,1.0
2025-12-07 15:00:00,ST_RIYADH_MALL_01,SKU_503,0,1.0,1.0,1.0
2025-12-07 16:00:00,ST_RIYADH_MALL_01,SKU_503,0,1.0,1.0,1.0
2025-12-07 17:00:00,ST_RIYADH_MALL_01,SKU_503,0,1.0,1.0,1.0
2025-12-07 18:00:00,ST_RIYADH_MALL_01,SKU_503,0,1.0,1.0,1.0
2025-12-07 19:00:00,ST_RIYADH_MALL_01,SKU_503,0,1.0,1.0,1.0
2025-12-07 20:00:00,ST_RIYADH_MALL_01,SKU_503,0,1.0,1.0,1.0
2025-12-07 21:00:00,ST_RIYADH_MALL_01,SKU_503,0,1.0,1.0,1.0
2025-12-07 22:00:00,ST_RIYADH_MALL_01,SKU_503,0,1.0,1.0,1.0
2025-12-07 23:00:00,ST_RIYADH_MALL_01,SKU_503,0,1.0,1.0,1.0
2025-12-07 00:00:00,ST_RIYADH_STREET_01,SKU_101,0,3.0,3.0,3.0
2025-12-07 01:00:00,ST_RIYADH_STREET_01,SKU_101,1,3.0,2.0,2.0
2025-12-07 02:00:00,ST_RIYADH_STREET_01,SKU_101,1,3.0,2.0,2.0
2025-12-07 03:00:00,ST_RIYADH_STREET_01,SKU_101,4,3.0,-1.0,1.0
2025-12-07 04:00:00,ST_RIYADH_STREET_01,SKU_101,0,3.0,3.0,3.0
2025-12-07 05:00:00,ST_RIYADH_STREET_01,SKU_101,0,3.0,3.0,3.0
2025-12-07 06:00:00,ST_RIYADH_STREET_01,SKU_101,2,3.0,1.0,1.0
2025-12-07 07:00:00,ST_RIYADH_STREET_01,SKU_101,3,3.0,0.0,0.0
2025-12-07 08:00:00,ST_RIYADH_STREET_01,SKU_101,3,3.0,0.0,0.0
2025-12-07 09:00:00,ST_RIYADH_STREET_01,SKU_101,1,3.0,2.0,2.0
2025-12-07 10:00:00,ST_RIYADH_STREET_01,SKU_101,3,3.0,0.0,0.0
2025-12-07 11:00:00,ST_RIYADH_STREET_01,SKU_101,1,3.0,2.0,2.0
2025-12-07 12:00:00,ST_RIYADH_STREET_01,SKU_101,2,3.0,1.0,1.0
2025-12-07 13:00:00,ST_RIYADH_STREET_01,SKU_101,2,2.0,0.0,0.0
2025-12-07 14:00:00,ST_RIYADH_STREET_01,SKU_101,3,2.0,-1.0,1.0
2025-12-07 15:00:00,ST_RIYADH_STREET_01,SKU_101,2,3.0,1.0,1.0
2025-12-07 16:00:00,ST_RIYADH_STREET_01,SKU_101,0,3.0,3.0,3.0
2025-12-07 17:00:00,ST_RIYADH_STREET_01,SKU_101,2,3.0,1.0,1.0
2025-12-07 18:00:00,ST_RIYADH_STREET_01,SKU_101,4,3.0,-1.0,1.0
2025-12-07 19:00:00,ST_RIYADH_STREET_01,SKU_101,4,3.0,-1.0,1.0
2025-12-07 20:00:00,ST_RIYADH_STREET_01,SKU_101,6,4.0,-2.0,2.0
2025-12-07 21:00:00,ST_RIYADH_STREET_01,SKU_101,2,4.0,2.0,2.0
2025-12-07 22:00:00,ST_RIYADH_STREET_01,SKU_101,4,2.0,-2.0,2.0
2025-12-07 23:00:00,ST_RIYADH_STREET_01,SKU_101,0,3.0,3.0,3.0
2025-12-07 00:00:00,ST_RIYADH_STREET_01,SKU_102,1,4.0,3.0,3.0
2025-12-07 01:00:00,ST_RIYADH_STREET_01,SKU_102,0,4.0,4.0,4.0
2025-12-07 02:00:00,ST_RIYADH_STREET_01,SKU_102,0,4.0,4.0,4.0
2025-12-07 03:00:00,ST_RIYADH_STREET_01,SKU_102,1,4.0,3.0,3.0
2025-12-07 04:00:00,ST_RIYADH_STREET_01,SKU_102,1,4.0,3.0,3.0
2025-12-07 05:00:00,ST_RIYADH_STREET_01,SKU_102,3,5.0,2.0,2.0
2025-12-07 06:00:00,ST_RIYADH_STREET_01,SKU_102,1,5.0,4.0,4.0
2025-12-07 07:00:00,ST_RIYADH_STREET_01,SKU_102,6,4.0,-2.0,2.0
2025-12-07 08:00:00,ST_RIYADH_STREET_01,SKU_102,1,4.0,3.0,3.0
2025-12-07 09:00:00,ST_RIYADH_STREET_01,SKU_102,4,5.0,1.0,1.0
2025-12-07 10:00:00,ST_RIYADH_STREET_01,SKU_102,1,5.0,4.0,4.0
2025-12-07 11:00:00,ST_RIYADH_STREET_01,SKU_102,3,5.0,2.0,2.0
2025-12-07 12:00:00,ST_RIYADH_STREET_01,SKU_102,2,5.0,3.0,3.0
2025-12-07 13:00:00,ST_RIYADH_STREET_01,SKU_102,2,5.0,3.0,3.0
2025-12-07 14:00:00,ST_RIYADH_STREET_01,SKU_102,2,5.0,3.0,3.0
2025-12-07 15:00:00,ST_RIYADH_STREET_01,SKU_102,0,5.0,5.0,5.0
2025-12-07 16:00:00,ST_RIYADH_STREET_01,SKU_102,2,4.0,2.0,2.0
2025-12-07 17:00:00,ST_RIYADH_STREET_01,SKU_102,1,4.0,3.0,3.0
2025-12-07 18:00:00,ST_RIYADH_STREET_01,SKU_102,3,4.0,1.0,1.0
2025-12-07 19:00:00,ST_RIYADH_STREET_01,SKU_102,4,4.0,0.0,0.0
2025-12-07 20:00:00,ST_RIYADH_STREET_01,SKU_102,5,4.0,-1.0,1.0
2025-12-07 21:00:00,ST_RIYADH_STREET_01,SKU_102,5,4.0,-1.0,1.0
2025-12-07 22:00:00,ST_RIYADH_STREET_01,SKU_102,0,3.0,3.0,3.0
2025-12-07 23:00:00,ST_RIYADH_STREET_01,SKU_102,0,3.0,3.0,3.0
2025-12-07 00:00:00,ST_RIYADH_STREET_01,SKU_103,3,3.0,0.0,0.0
2025-12-07 01:00:00,ST_RIYADH_STREET_01,SKU_103,1,3.0,2.0,2.0
2025-12-07 02:00:00,ST_RIYADH_STREET_01,SKU_103,1,3.0,2.0,2.0
2025-12-07 03:00:00,ST_RIYADH_STREET_01,SKU_103,0,4.0,4.0,4.0
2025-12-07 04:00:00,ST_RIYADH_STREET_01,SKU_103,0,4.0,4.0,4.0
2025-12-07 05:00:00,ST_RIYADH_STREET_01,SKU_103,0,4.0,4.0,4.0
2025-12-07 06:00:00,ST_RIYADH_STREET_01,SKU_103,0,4.0,4.0,4.0
2025-12-07 07:00:00,ST_RIYADH_STREET_01,SKU_103,0,4.0,4.0,4.0
2025-12-07 08:00:00,ST_RIYADH_STREET_01,SKU_103,0,4.0,4.0,4.0
2025-12-07 09:00:00,ST_RIYADH_STREET_01,SKU_103,0,3.0,3.0,3.0
2025-12-07 10:00:00,ST_RIYADH_STREET_01,SKU_103,0,3.0,3.0,3.0
2025-12-07 11:00:00,ST_RIYADH_STREET_01,SKU_103,0,3.0,3.0,3.0
2025-12-07 12:00:00,ST_RIYADH_STREET_01,SKU_103,0,3.0,3.0,3.0
2025-12-07 13:00:00,ST_RIYADH_STREET_01,SKU_103,0,3.0,3.0,3.0
2025-12-07 14:00:00,ST_RIYADH_STREET_01,SKU_103,0,3.0,3.0,3.0
2025-12-07 15:00:00,ST_RIYADH_STREET_01,SKU_103,0,3.0,3.0,3.0
2025-12-07 16:00:00,ST_RIYADH_STREET_01,SKU_103,0,3.0,3.0,3.0
2025-12-07 17:00:00,ST_RIYADH_STREET_01,SKU_103,0,3.0,3.0,3.0
2025-12-07 18:00:00,ST_RIYADH_STREET_01,SKU_103,0,3.0,3.0,3.0
2025-12-07 19:00:00,ST_RIYADH_STREET_01,SKU_103,0,3.0,3.0,3.0
2025-12-07 20:00:00,ST_RIYADH_STREET_01,SKU_103,0,4.0,4.0,4.0
2025-12-07 21:00:00,ST_RIYADH_STREET_01,SKU_103,0,4.0,4.0,4.0
2025-12-07 22:00:00,ST_RIYADH_STREET_01,SKU_103,0,2.0,2.0,2.0
2025-12-07 23:00:00,ST_RIYADH_STREET_01,SKU_103,0,2.0,2.0,2.0
2025-12-07 00:00:00,ST_RIYADH_STREET_01,SKU_201,1,4.0,3.0,3.0
2025-12-07 01:00:00,ST_RIYADH_STREET_01,SKU_201,4,4.0,0.0,0.0
2025-12-07 02:00:00,ST_RIYADH_STREET_01,SKU_201,0,4.0,4.0,4.0
2025-12-07 03:00:00,ST_RIYADH_STREET_01,SKU_201,2,4.0,2.0,2.0
2025-12-07 04:00:00,ST_RIYADH_STREET_01,SKU_201,0,4.0,4.0,4.0
2025-12-07 05:00:00,ST_RIYADH_STREET_01,SKU_201,2,4.0,2.0,2.0
2025-12-07 06:00:00,ST_RIYADH_STREET_01,SKU_201,3,4.0,1.0,1.0
2025-12-07 07:00:00,ST_RIYADH_STREET_01,SKU_201,4,4.0,0.0,0.0
2025-12-07 08:00:00,ST_RIYADH_STREET_01,SKU_201,2,4.0,2.0,2.0
2025-12-07 09:00:00,ST_RIYADH_STREET_01,SKU_201,1,5.0,4.0,4.0
2025-12-07 10:00:00,ST_RIYADH_STREET_01,SKU_201,0,5.0,5.0,5.0
2025-12-07 11:00:00,ST_RIYADH_STREET_01,SKU_201,3,5.0,2.0,2.0
2025-12-07 12:00:00,ST_RIYADH_STREET_01,SKU_201,2,5.0,3.0,3.0
2025-12-07 13:00:00,ST_RIYADH_STREET_01,SKU_201,3,5.0,2.0,2.0
2025-12-07 14:00:00,ST_RIYADH_STREET_01,SKU_201,3,5.0,2.0,2.0
2025-12-07 15:00:00,ST_RIYADH_STREET_01,SKU_201,1,5.0,4.0,4.0
2025-12-07 16:00:00,ST_RIYADH_STREET_01,SKU_201,1,5.0,4.0,4.0
2025-12-07 17:00:00,ST_RIYADH_STREET_01,SKU_201,2,5.0,3.0,3.0
2025-12-07 18:00:00,ST_RIYADH_STREET_01,SKU_201,2,5.0,3.0,3.0
2025-12-07 19:00:00,ST_RIYADH_STREET_01,SKU_201,5,5.0,0.0,0.0
2025-12-07 20:00:00,ST_RIYADH_STREET_01,SKU_201,1,5.0,4.0,4.0
2025-12-07 21:00:00,ST_RIYADH_STREET_01,SKU_201,0,5.0,5.0,5.0
2025-12-07 22:00:00,ST_RIYADH_STREET_01,SKU_201,3,3.0,0.0,0.0
2025-12-07 23:00:00,ST_RIYADH_STREET_01,SKU_201,0,3.0,3.0,3.0
2025-12-07 00:00:00,ST_RIYADH_STREET_01,SKU_202,0,1.0,1.0,1.0
2025-12-07 01:00:00,ST_RIYADH_STREET_01,SKU_202,0,1.0,1.0,1.0
2025-12-07 02:00:00,ST_RIYADH_STREET_01,SKU_202,0,1.0,1.0,1.0
2025-12-07 03:00:00,ST_RIYADH_STREET_01,SKU_202,0,1.0,1.0,1.0
2025-12-07 04:00:00,ST_RIYADH_STREET_01,SKU_202,0,1.0,1.0,1.0
2025-12-07 05:00:00,ST_RIYADH_STREET_01,SKU_202,0,1.0,1.0,1.0
2025-12-07 06:00:00,ST_RIYADH_STREET_01,SKU_202,0,1.0,1.0,1.0
2025-12-07 07:00:00,ST_RIYADH_STREET_01,SKU_202,0,1.0,1.0,1.0
2025-12-07 08:00:00,ST_RIYADH_STREET_01,SKU_202,0,1.0,1.0,1.0
2025-12-07 09:00:00,ST_RIYADH_STREET_01,SKU_202,0,1.0,1.0,1.0
2025-12-07 10:00:00,ST_RIYADH_STREET_01,SKU_202,0,1.0,1.0,1.0
2025-12-07 11:00:00,ST_RIYADH_STREET_01,SKU_202,0,1.0,1.0,1.0
2025-12-07 12:00:00,ST_RIYADH_STREET_01,SKU_202,0,1.0,1.0,1.0
2025-12-07 13:00:00,ST_RIYADH_STREET_01,SKU_202,0,1.0,1.0,1.0
2025-12-07 14:00:00,ST_RIYADH_STREET_01,SKU_202,0,1.0,1.0,1.0
2025-12-07 15:00:00,ST_RIYADH_STREET_01,SKU_202,2,1.0,-1.0,1.0
2025-12-07 16:00:00,ST_RIYADH_STREET_01,SKU_202,1,1.0,0.0,0.0
2025-12-07 17:00:00,ST_RIYADH_STREET_01,SKU_202,5,1.0,-4.0,4.0
2025-12-07 18:00:00,ST_RIYADH_STREET_01,SKU_202,7,1.0,-6.0,6.0
2025-12-07 19:00:00,ST_RIYADH_STREET_01,SKU_202,3,1.0,-2.0,2.0
2025-12-07 20:00:00,ST_RIYADH_STREET_01,SKU_202,6,1.0,-5.0,5.0
2025-12-07 21:00:00,ST_RIYADH_STREET_01,SKU_202,2,1.0,-1.0,1.0
2025-12-07 22:00:00,ST_RIYADH_STREET_01,SKU_202,0,1.0,1.0,1.0
2025-12-07 23:00:00,ST_RIYADH_STREET_01,SKU_202,2,1.0,-1.0,1.0
2025-12-07 00:00:00,ST_RIYADH_STREET_01,SKU_301,1,4.0,3.0,3.0
2025-12-07 01:00:00,ST_RIYADH_STREET_01,SKU_301,0,5.0,5.0,5.0
2025-12-07 02:00:00,ST_RIYADH_STREET_01,SKU_301,0,5.0,5.0,5.0
2025-12-07 03:00:00,ST_RIYADH_STREET_01,SKU_301,3,5.0,2.0,2.0
2025-12-07 04:00:00,ST_RIYADH_STREET_01,SKU_301,0,5.0,5.0,5.0
2025-12-07 05:00:00,ST_RIYADH_STREET_01,SKU_301,2,5.0,3.0,3.0
2025-12-07 06:00:00,ST_RIYADH_STREET_01,SKU_301,0,5.0,5.0,5.0
2025-12-07 07:00:00,ST_RIYADH_STREET_01,SKU_301,1,5.0,4.0,4.0
2025-12-07 08:00:00,ST_RIYADH_STREET_01,SKU_301,1,5.0,4.0,4.0
2025-12-07 09:00:00,ST_RIYADH_STREET_01,SKU_301,0,6.0,6.0,6.0
2025-12-07 10:00:00,ST_RIYADH_STREET_01,SKU_301,2,6.0,4.0,4.0
2025-12-07 11:00:00,ST_RIYADH_STREET_01,SKU_301,5,7.0,2.0,2.0
2025-12-07 12:00:00,ST_RIYADH_STREET_01,SKU_301,2,7.0,5.0,5.0
2025-12-07 13:00:00,ST_RIYADH_STREET_01,SKU_301,2,7.0,5.0,5.0
2025-12-07 14:00:00,ST_RIYADH_STREET_01,SKU_301,4,7.0,3.0,3.0
2025-12-07 15:00:00,ST_RIYADH_STREET_01,SKU_301,5,7.0,2.0,2.0
2025-12-07 16:00:00,ST_RIYADH_STREET_01,SKU_301,3,7.0,4.0,4.0
2025-12-07 17:00:00,ST_RIYADH_STREET_01,SKU_301,1,7.0,6.0,6.0
2025-12-07 18:00:00,ST_RIYADH_STREET_01,SKU_301,0,7.0,7.0,7.0
2025-12-07 19:00:00,ST_RIYADH_STREET_01,SKU_301,3,7.0,4.0,4.0
2025-12-07 20:00:00,ST_RIYADH_STREET_01,SKU_301,2,7.0,5.0,5.0
2025-12-07 21:00:00,ST_RIYADH_STREET_01,SKU_301,0,7.0,7.0,7.0
2025-12-07 22:00:00,ST_RIYADH_STREET_01,SKU_301,0,6.0,6.0,6.0
2025-12-07 23:00:00,ST_RIYADH_STREET_01,SKU_301,0,6.0,6.0,6.0
2025-12-07 00:00:00,ST_RIYADH_STREET_01,SKU_302,3,5.0,2.0,2.0
2025-12-07 01:00:00,ST_RIYADH_STREET_01,SKU_302,1,5.0,4.0,4.0
2025-12-07 02:00:00,ST_RIYADH_STREET_01,SKU_302,0,5.0,5.0,5.0
2025-12-07 03:00:00,ST_RIYADH_STREET_01,SKU_302,0,5.0,5.0,5.0
2025-12-07 04:00:00,ST_RIYADH_STREET_01,SKU_302,0,5.0,5.0,5.0
2025-12-07 05:00:00,ST_RIYADH_STREET_01,SKU_302,0,5.0,5.0,5.0
2025-12-07 06:00:00,ST_RIYADH_STREET_01,SKU_302,1,5.0,4.0,4.0
2025-12-07 07:00:00,ST_RIYADH_STREET_01,SKU_302,0,5.0,5.0,5.0
2025-12-07 08:00:00,ST_RIYADH_STREET_01,SKU_302,0,5.0,5.0,5.0
2025-12-07 09:00:00,ST_RIYADH_STREET_01,SKU_302,0,6.0,6.0,6.0
2025-12-07 10:00:00,ST_RIYADH_STREET_01,SKU_302,2,6.0,4.0,4.0
2025-12-07 11:00:00,ST_RIYADH_STREET_01,SKU_302,4,7.0,3.0,3.0
2025-12-07 12:00:00,ST_RIYADH_STREET_01,SKU_302,3,7.0,4.0,4.0
2025-12-07 13:00:00,ST_RIYADH_STREET_01,SKU_302,3,7.0,4.0,4.0
2025-12-07 14:00:00,ST_RIYADH_STREET_01,SKU_302,3,7.0,4.0,4.0
2025-12-07 15:00:00,ST_RIYADH_STREET_01,SKU_302,1,7.0,6.0,6.0
2025-12-07 16:00:00,ST_RIYADH_STREET_01,SKU_302,3,8.0,5.0,5.0
2025-12-07 17:00:00,ST_RIYADH_STREET_01,SKU_302,3,8.0,5.0,5.0
2025-12-07 18:00:00,ST_RIYADH_STREET_01,SKU_302,0,8.0,8.0,8.0
2025-12-07 19:00:00,ST_RIYADH_STREET_01,SKU_302,0,8.0,8.0,8.0
2025-12-07 20:00:00,ST_RIYADH_STREET_01,SKU_302,0,8.0,8.0,8.0
2025-12-07 21:00:00,ST_RIYADH_STREET_01,SKU_302,0,8.0,8.0,8.0
2025-12-07 22:00:00,ST_RIYADH_STREET_01,SKU_302,0,6.0,6.0,6.0
2025-12-07 23:00:00,ST_RIYADH_STREET_01,SKU_302,0,6.0,6.0,6.0
2025-12-07 00:00:00,ST_RIYADH_STREET_01,SKU_303,0,1.0,1.0,1.0
2025-12-07 01:00:00,ST_RIYADH_STREET_01,SKU_303,0,1.0,1.0,1.0
2025-12-07 02:00:00,ST_RIYADH_STREET_01,SKU_303,0,1.0,1.0,1.0
2025-12-07 03:00:00,ST_RIYADH_STREET_01,SKU_303,2,1.0,-1.0,1.0
2025-12-07 04:00:00,ST_RIYADH_STREET_01,SKU_303,1,1.0,0.0,0.0
2025-12-07 05:00:00,ST_RIYADH_STREET_01,SKU_303,0,1.0,1.0,1.0
2025-12-07 06:00:00,ST_RIYADH_STREET_01,SKU_303,0,1.0,1.0,1.0
2025-12-07 07:00:00,ST_RIYADH_STREET_01,SKU_303,1,1.0,0.0,0.0
2025-12-07 08:00:00,ST_RIYADH_STREET_01,SKU_303,0,1.0,1.0,1.0
2025-12-07 09:00:00,ST_RIYADH_STREET_01,SKU_303,0,1.0,1.0,1.0
2025-12-07 10:00:00,ST_RIYADH_STREET_01,SKU_303,2,1.0,-1.0,1.0
2025-12-07 11:00:00,ST_RIYADH_STREET_01,SKU_303,4,1.0,-3.0,3.0
2025-12-07 12:00:00,ST_RIYADH_STREET_01,SKU_303,2,1.0,-1.0,1.0
2025-12-07 13:00:00,ST_RIYADH_STREET_01,SKU_303,3,1.0,-2.0,2.0
2025-12-07 14:00:00,ST_RIYADH_STREET_01,SKU_303,2,1.0,-1.0,1.0
2025-12-07 15:00:00,ST_RIYADH_STREET_01,SKU_303,1,1.0,0.0,0.0
2025-12-07 16:00:00,ST_RIYADH_STREET_01,SKU_303,2,1.0,-1.0,1.0
2025-12-07 17:00:00,ST_RIYADH_STREET_01,SKU_303,5,1.0,-4.0,4.0
2025-12-07 18:00:00,ST_RIYADH_STREET_01,SKU_303,13,1.0,-12.0,12.0
2025-12-07 19:00:00,ST_RIYADH_STREET_01,SKU_303,9,1.0,-8.0,8.0
2025-12-07 20:00:00,ST_RIYADH_STREET_01,SKU_303,10,1.0,-9.0,9.0
2025-12-07 21:00:00,ST_RIYADH_STREET_01,SKU_303,0,1.0,1.0,1.0
2025-12-07 22:00:00,ST_RIYADH_STREET_01,SKU_303,0,1.0,1.0,1.0
2025-12-07 23:00:00,ST_RIYADH_STREET_01,SKU_303,0,1.0,1.0,1.0
2025-12-07 00:00:00,ST_RIYADH_STREET_01,SKU_304,0,1.0,1.0,1.0
2025-12-07 01:00:00,ST_RIYADH_STREET_01,SKU_304,0,1.0,1.0,1.0
2025-12-07 02:00:00,ST_RIYADH_STREET_01,SKU_304,0,1.0,1.0,1.0
2025-12-07 03:00:00,ST_RIYADH_STREET_01,SKU_304,0,1.0,1.0,1.0
2025-12-07 04:00:00,ST_RIYADH_STREET_01,SKU_304,0,1.0,1.0,1.0
2025-12-07 05:00:00,ST_RIYADH_STREET_01,SKU_304,0,1.0,1.0,1.0
2025-12-07 06:00:00,ST_RIYADH_STREET_01,SKU_304,0,1.0,1.0,1.0
2025-12-07 07:00:00,ST_RIYADH_STREET_01,SKU_304,0,1.0,1.0,1.0
2025-12-07 08:00:00,ST_RIYADH_STREET_01,SKU_304,3,1.0,-2.0,2.0
2025-12-07 09:00:00,ST_RIYADH_STREET_01,SKU_304,1,1.0,0.0,0.0
2025-12-07 10:00:00,ST_RIYADH_STREET_01,SKU_304,0,1.0,1.0,1.0
2025-12-07 11:00:00,ST_RIYADH_STREET_01,SKU_304,5,1.0,-4.0,4.0
2025-12-07 12:00:00,ST_RIYADH_STREET_01,SKU_304,1,1.0,0.0,0.0
2025-12-07 13:00:00,ST_RIYADH_STREET_01,SKU_304,3,1.0,-2.0,2.0
2025-12-07 14:00:00,ST_RIYADH_STREET_01,SKU_304,6,1.0,-5.0,5.0
2025-12-07 15:00:00,ST_RIYADH_STREET_01,SKU_304,5,1.0,-4.0,4.0
2025-12-07 16:00:00,ST_RIYADH_STREET_01,SKU_304,3,1.0,-2.0,2.0
2025-12-07 17:00:00,ST_RIYADH_STREET_01,SKU_304,4,1.0,-3.0,3.0
2025-12-07 18:00:00,ST_RIYADH_STREET_01,SKU_304,2,1.0,-1.0,1.0
2025-12-07 19:00:00,ST_RIYADH_STREET_01,SKU_304,4,1.0,-3.0,3.0
2025-12-07 20:00:00,ST_RIYADH_STREET_01,SKU_304,3,1.0,-2.0,2.0
2025-12-07 21:00:00,ST_RIYADH_STREET_01,SKU_304,10,1.0,-9.0,9.0
2025-12-07 22:00:00,ST_RIYADH_STREET_01,SKU_304,2,1.0,-1.0,1.0
2025-12-07 23:00:00,ST_RIYADH_STREET_01,SKU_304,0,1.0,1.0,1.0
2025-12-07 00:00:00,ST_RIYADH_STREET_01,SKU_305,0,1.0,1.0,1.0
2025-12-07 01:00:00,ST_RIYADH_STREET_01,SKU_305,0,1.0,1.0,1.0
2025-12-07 02:00:00,ST_RIYADH_STREET_01,SKU_305,0,1.0,1.0,1.0
2025-12-07 03:00:00,ST_RIYADH_STREET_01,SKU_305,0,1.0,1.0,1.0
2025-12-07 04:00:00,ST_RIYADH_STREET_01,SKU_305,0,1.0,1.0,1.0
2025-12-07 05:00:00,ST_RIYADH_STREET_01,SKU_305,0,1.0,1.0,1.0
2025-12-07 06:00:00,ST_RIYADH_STREET_01,SKU_305,0,1.0,1.0,1.0
2025-12-07 07:00:00,ST_RIYADH_STREET_01,SKU_305,0,1.0,1.0,1.0
2025-12-07 08:00:00,ST_RIYADH_STREET_01,SKU_305,0,1.0,1.0,1.0
2025-12-07 09:00:00,ST_RIYADH_STREET_01,SKU_305,0,1.0,1.0,1.0
2025-12-07 10:00:00,ST_RIYADH_STREET_01,SKU_305,0,1.0,1.0,1.0
2025-12-07 11:00:00,ST_RIYADH_STREET_01,SKU_305,0,1.0,1.0,1.0
2025-12-07 12:00:00,ST_RIYADH_STREET_01,SKU_305,0,1.0,1.0,1.0
2025-12-07 13:00:00,ST_RIYADH_STREET_01,SKU_305,0,1.0,1.0,1.0
2025-12-07 14:00:00,ST_RIYADH_STREET_01,SKU_305,0,1.0,1.0,1.0
2025-12-07 15:00:00,ST_RIYADH_STREET_01,SKU_305,0,1.0,1.0,1.0
2025-12-07 16:00:00,ST_RIYADH_STREET_01,SKU_305,0,1.0,1.0,1.0
2025-12-07 17:00:00,ST_RIYADH_STREET_01,SKU_305,0,1.0,1.0,1.0
2025-12-07 18:00:00,ST_RIYADH_STREET_01,SKU_305,0,1.0,1.0,1.0
2025-12-07 19:00:00,ST_RIYADH_STREET_01,SKU_305,0,1.0,1.0,1.0
2025-12-07 20:00:00,ST_RIYADH_STREET_01,SKU_305,0,1.0,1.0,1.0
2025-12-07 21:00:00,ST_RIYADH_STREET_01,SKU_305,0,1.0,1.0,1.0
2025-12-07 22:00:00,ST_RIYADH_STREET_01,SKU_305,0,1.0,1.0,1.0
2025-12-07 23:00:00,ST_RIYADH_STREET_01,SKU_305,0,1.0,1.0,1.0
2025-12-07 00:00:00,ST_RIYADH_STREET_01,SKU_306,0,1.0,1.0,1.0
2025-12-07 01:00:00,ST_RIYADH_STREET_01,SKU_306,0,1.0,1.0,1.0
2025-12-07 02:00:00,ST_RIYADH_STREET_01,SKU_306,0,1.0,1.0,1.0
2025-12-07 03:00:00,ST_RIYADH_STREET_01,SKU_306,0,1.0,1.0,1.0
2025-12-07 04:00:00,ST_RIYADH_STREET_01,SKU_306,0,1.0,1.0,1.0
2025-12-07 05:00:00,ST_RIYADH_STREET_01,SKU_306,1,1.0,0.0,0.0
2025-12-07 06:00:00,ST_RIYADH_STREET_01,SKU_306,1,1.0,0.0,0.0
2025-12-07 07:00:00,ST_RIYADH_STREET_01,SKU_306,1,1.0,0.0,0.0
2025-12-07 08:00:00,ST_RIYADH_STREET_01,SKU_306,2,1.0,-1.0,1.0
2025-12-07 09:00:00,ST_RIYADH_STREET_01,SKU_306,0,1.0,1.0,1.0
2025-12-07 10:00:00,ST_RIYADH_STREET_01,SKU_306,2,1.0,-1.0,1.0
2025-12-07 11:00:00,ST_RIYADH_STREET_01,SKU_306,6,1.0,-5.0,5.0
2025-12-07 12:00:00,ST_RIYADH_STREET_01,SKU_306,6,1.0,-5.0,5.0
2025-12-07 13:00:00,ST_RIYADH_STREET_01,SKU_306,4,1.0,-3.0,3.0
2025-12-07 14:00:00,ST_RIYADH_STREET_01,SKU_306,6,1.0,-5.0,5.0
2025-12-07 15:00:00,ST_RIYADH_STREET_01,SKU_306,3,1.0,-2.0,2.0
2025-12-07 16:00:00,ST_RIYADH_STREET_01,SKU_306,0,1.0,1.0,1.0
2025-12-07 17:00:00,ST_RIYADH_STREET_01,SKU_306,0,1.0,1.0,1.0
2025-12-07 18:00:00,ST_RIYADH_STREET_01,SKU_306,0,1.0,1.0,1.0
2025-12-07 19:00:00,ST_RIYADH_STREET_01,SKU_306,0,1.0,1.0,1.0
2025-12-07 20:00:00,ST_RIYADH_STREET_01,SKU_306,0,1.0,1.0,1.0
2025-12-07 21:00:00,ST_RIYADH_STREET_01,SKU_306,0,1.0,1.0,1.0
2025-12-07 22:00:00,ST_RIYADH_STREET_01,SKU_306,0,1.0,1.0,1.0
2025-12-07 23:00:00,ST_RIYADH_STREET_01,SKU_306,1,1.0,0.0,0.0
2025-12-07 00:00:00,ST_RIYADH_STREET_01,SKU_401,0,1.0,1.0,1.0
2025-12-07 01:00:00,ST_RIYADH_STREET_01,SKU_401,0,1.0,1.0,1.0
2025-12-07 02:00:00,ST_RIYADH_STREET_01,SKU_401,0,1.0,1.0,1.0
2025-12-07 03:00:00,ST_RIYADH_STREET_01,SKU_401,0,1.0,1.0,1.0
2025-12-07 04:00:00,ST_RIYADH_STREET_01,SKU_401,0,1.0,1.0,1.0
2025-12-07 05:00:00,ST_RIYADH_STREET_01,SKU_401,0,1.0,1.0,1.0
2025-12-07 06:00:00,ST_RIYADH_STREET_01,SKU_401,0,1.0,1.0,1.0
2025-12-07 07:00:00,ST_RIYADH_STREET_01,SKU_401,0,1.0,1.0,1.0
2025-12-07 08:00:00,ST_RIYADH_STREET_01,SKU_401,0,1.0,1.0,1.0
2025-12-07 09:00:00,ST_RIYADH_STREET_01,SKU_401,0,1.0,1.0,1.0
2025-12-07 10:00:00,ST_RIYADH_STREET_01,SKU_401,0,1.0,1.0,1.0
2025-12-07 11:00:00,ST_RIYADH_STREET_01,SKU_401,0,1.0,1.0,1.0
2025-12-07 12:00:00,ST_RIYADH_STREET_01,SKU_401,0,1.0,1.0,1.0
2025-12-07 13:00:00,ST_RIYADH_STREET_01,SKU_401,0,1.0,1.0,1.0
2025-12-07 14:00:00,ST_RIYADH_STREET_01,SKU_401,0,1.0,1.0,1.0
2025-12-07 15:00:00,ST_RIYADH_STREET_01,SKU_401,0,1.0,1.0,1.0
2025-12-07 16:00:00,ST_RIYADH_STREET_01,SKU_401,0,1.0,1.0,1.0
2025-12-07 17:00:00,ST_RIYADH_STREET_01,SKU_401,0,1.0,1.0,1.0
2025-12-07 18:00:00,ST_RIYADH_STREET_01,SKU_401,0,1.0,1.0,1.0
2025-12-07 19:00:00,ST_RIYADH_STREET_01,SKU_401,0,1.0,1.0,1.0
2025-12-07 20:00:00,ST_RIYADH_STREET_01,SKU_401,0,1.0,1.0,1.0
2025-12-07 21:00:00,ST_RIYADH_STREET_01,SKU_401,0,1.0,1.0,1.0
2025-12-07 22:00:00,ST_RIYADH_STREET_01,SKU_401,0,1.0,1.0,1.0
2025-12-07 23:00:00,ST_RIYADH_STREET_01,SKU_401,0,1.0,1.0,1.0
2025-12-07 00:00:00,ST_RIYADH_STREET_01,SKU_402,0,1.0,1.0,1.0
2025-12-07 01:00:00,ST_RIYADH_STREET_01,SKU_402,0,1.0,1.0,1.0
2025-12-07 02:00:00,ST_RIYADH_STREET_01,SKU_402,0,1.0,1.0,1.0
2025-12-07 03:00:00,ST_RIYADH_STREET_01,SKU_402,0,1.0,1.0,1.0
2025-12-07 04:00:00,ST_RIYADH_STREET_01,SKU_402,0,1.0,1.0,1.0
2025-12-07 05:00:00,ST_RIYADH_STREET_01,SKU_402,0,1.0,1.0,1.0
2025-12-07 06:00:00,ST_RIYADH_STREET_01,SKU_402,0,1.0,1.0,1.0
2025-12-07 07:00:00,ST_RIYADH_STREET_01,SKU_402,0,1.0,1.0,1.0
2025-12-07 08:00:00,ST_RIYADH_STREET_01,SKU_402,0,1.0,1.0,1.0
2025-12-07 09:00:00,ST_RIYADH_STREET_01,SKU_402,0,1.0,1.0,1.0
2025-12-07 10:00:00,ST_RIYADH_STREET_01,SKU_402,0,1.0,1.0,1.0
2025-12-07 11:00:00,ST_RIYADH_STREET_01,SKU_402,0,1.0,1.0,1.0
2025-12-07 12:00:00,ST_RIYADH_STREET_01,SKU_402,0,1.0,1.0,1.0
2025-12-07 13:00:00,ST_RIYADH_STREET_01,SKU_402,0,1.0,1.0,1.0
2025-12-07 14:00:00,ST_RIYADH_STREET_01,SKU_402,2,1.0,-1.0,1.0
2025-12-07 15:00:00,ST_RIYADH_STREET_01,SKU_402,2,1.0,-1.0,1.0
2025-12-07 16:00:00,ST_RIYADH_STREET_01,SKU_402,2,1.0,-1.0,1.0
2025-12-07 17:00:00,ST_RIYADH_STREET_01,SKU_402,2,1.0,-1.0,1.0
2025-12-07 18:00:00,ST_RIYADH_STREET_01,SKU_402,2,1.0,-1.0,1.0
2025-12-07 19:00:00,ST_RIYADH_STREET_01,SKU_402,5,1.0,-4.0,4.0
2025-12-07 20:00:00,ST_RIYADH_STREET_01,SKU_402,5,1.0,-4.0,4.0
2025-12-07 21:00:00,ST_RIYADH_STREET_01,SKU_402,5,1.0,-4.0,4.0
2025-12-07 22:00:00,ST_RIYADH_STREET_01,SKU_402,8,1.0,-7.0,7.0
2025-12-07 23:00:00,ST_RIYADH_STREET_01,SKU_402,1,1.0,0.0,0.0
2025-12-07 00:00:00,ST_RIYADH_STREET_01,SKU_501,1,3.0,2.0,2.0
2025-12-07 01:00:00,ST_RIYADH_STREET_01,SKU_501,0,3.0,3.0,3.0
2025-12-07 02:00:00,ST_RIYADH_STREET_01,SKU_501,0,3.0,3.0,3.0
2025-12-07 03:00:00,ST_RIYADH_STREET_01,SKU_501,1,3.0,2.0,2.0
2025-12-07 04:00:00,ST_RIYADH_STREET_01,SKU_501,0,3.0,3.0,3.0
2025-12-07 05:00:00,ST_RIYADH_STREET_01,SKU_501,2,3.0,1.0,1.0
2025-12-07 06:00:00,ST_RIYADH_STREET_01,SKU_501,0,3.0,3.0,3.0
2025-12-07 07:00:00,ST_RIYADH_STREET_01,SKU_501,2,3.0,1.0,1.0
2025-12-07 08:00:00,ST_RIYADH_STREET_01,SKU_501,4,3.0,-1.0,1.0
2025-12-07 09:00:00,ST_RIYADH_STREET_01,SKU_501,3,3.0,0.0,0.0
2025-12-07 10:00:00,ST_RIYADH_STREET_01,SKU_501,1,3.0,2.0,2.0
2025-12-07 11:00:00,ST_RIYADH_STREET_01,SKU_501,2,3.0,1.0,1.0
2025-12-07 12:00:00,ST_RIYADH_STREET_01,SKU_501,1,3.0,2.0,2.0
2025-12-07 13:00:00,ST_RIYADH_STREET_01,SKU_501,0,4.0,4.0,4.0
2025-12-07 14:00:00,ST_RIYADH_STREET_01,SKU_501,3,4.0,1.0,1.0
2025-12-07 15:00:00,ST_RIYADH_STREET_01,SKU_501,4,4.0,0.0,0.0
2025-12-07 16:00:00,ST_RIYADH_STREET_01,SKU_501,2,4.0,2.0,2.0
2025-12-07 17:00:00,ST_RIYADH_STREET_01,SKU_501,4,4.0,0.0,0.0
2025-12-07 18:00:00,ST_RIYADH_STREET_01,SKU_501,2,4.0,2.0,2.0
2025-12-07 19:00:00,ST_RIYADH_STREET_01,SKU_501,2,4.0,2.0,2.0
2025-12-07 20:00:00,ST_RIYADH_STREET_01,SKU_501,4,5.0,1.0,1.0
2025-12-07 21:00:00,ST_RIYADH_STREET_01,SKU_501,6,5.0,-1.0,1.0
2025-12-07 22:00:00,ST_RIYADH_STREET_01,SKU_501,2,3.0,1.0,1.0
2025-12-07 23:00:00,ST_RIYADH_STREET_01,SKU_501,1,3.0,2.0,2.0
2025-12-07 00:00:00,ST_RIYADH_STREET_01,SKU_502,2,4.0,2.0,2.0
2025-12-07 01:00:00,ST_RIYADH_STREET_01,SKU_502,3,5.0,2.0,2.0
2025-12-07 02:00:00,ST_RIYADH_STREET_01,SKU_502,0,5.0,5.0,5.0
2025-12-07 03:00:00,ST_RIYADH_STREET_01,SKU_502,0,5.0,5.0,5.0
2025-12-07 04:00:00,ST_RIYADH_STREET_01,SKU_502,5,5.0,0.0,0.0
2025-12-07 05:00:00,ST_RIYADH_STREET_01,SKU_502,3,5.0,2.0,2.0
2025-12-07 06:00:00,ST_RIYADH_STREET_01,SKU_502,2,5.0,3.0,3.0
2025-12-07 07:00:00,ST_RIYADH_STREET_01,SKU_502,0,5.0,5.0,5.0
2025-12-07 08:00:00,ST_RIYADH_STREET_01,SKU_502,0,5.0,5.0,5.0
2025-12-07 09:00:00,ST_RIYADH_STREET_01,SKU_502,1,6.0,5.0,5.0
2025-12-07 10:00:00,ST_RIYADH_STREET_01,SKU_502,0,7.0,7.0,7.0
2025-12-07 11:00:00,ST_RIYADH_STREET_01,SKU_502,2,7.0,5.0,5.0
2025-12-07 12:00:00,ST_RIYADH_STREET_01,SKU_502,3,7.0,4.0,4.0
2025-12-07 13:00:00,ST_RIYADH_STREET_01,SKU_502,4,7.0,3.0,3.0
2025-12-07 14:00:00,ST_RIYADH_STREET_01,SKU_502,5,7.0,2.0,2.0
2025-12-07 15:00:00,ST_RIYADH_STREET_01,SKU_502,7,7.0,0.0,0.0
2025-12-07 16:00:00,ST_RIYADH_STREET_01,SKU_502,5,8.0,3.0,3.0
2025-12-07 17:00:00,ST_RIYADH_STREET_01,SKU_502,1,8.0,7.0,7.0
2025-12-07 18:00:00,ST_RIYADH_STREET_01,SKU_502,4,8.0,4.0,4.0
2025-12-07 19:00:00,ST_RIYADH_STREET_01,SKU_502,1,8.0,7.0,7.0
2025-12-07 20:00:00,ST_RIYADH_STREET_01,SKU_502,0,8.0,8.0,8.0
2025-12-07 21:00:00,ST_RIYADH_STREET_01,SKU_502,0,8.0,8.0,8.0
2025-12-07 22:00:00,ST_RIYADH_STREET_01,SKU_502,0,6.0,6.0,6.0
2025-12-07 23:00:00,ST_RIYADH_STREET_01,SKU_502,0,6.0,6.0,6.0
2025-12-07 00:00:00,ST_RIYADH_STREET_01,SKU_503,1,5.0,4.0,4.0
2025-12-07 01:00:00,ST_RIYADH_STREET_01,SKU_503,0,5.0,5.0,5.0
2025-12-07 02:00:00,ST_RIYADH_STREET_01,SKU_503,2,5.0,3.0,3.0
2025-12-07 03:00:00,ST_RIYADH_STREET_01,SKU_503,1,5.0,4.0,4.0
2025-12-07 04:00:00,ST_RIYADH_STREET_01,SKU_503,1,5.0,4.0,4.0
2025-12-07 05:00:00,ST_RIYADH_STREET_01,SKU_503,3,5.0,2.0,2.0
2025-12-07 06:00:00,ST_RIYADH_STREET_01,SKU_503,0,5.0,5.0,5.0
2025-12-07 07:00:00,ST_RIYADH_STREET_01,SKU_503,0,5.0,5.0,5.0
2025-12-07 08:00:00,ST_RIYADH_STREET_01,SKU_503,0,5.0,5.0,5.0
2025-12-07 09:00:00,ST_RIYADH_STREET_01,SKU_503,2,5.0,3.0,3.0
2025-12-07 10:00:00,ST_RIYADH_STREET_01,SKU_503,0,6.0,6.0,6.0
2025-12-07 11:00:00,ST_RIYADH_STREET_01,SKU_503,4,7.0,3.0,3.0
2025-12-07 12:00:00,ST_RIYADH_STREET_01,SKU_503,5,7.0,2.0,2.0
2025-12-07 13:00:00,ST_RIYADH_STREET_01,SKU_503,2,7.0,5.0,5.0
2025-12-07 14:00:00,ST_RIYADH_STREET_01,SKU_503,3,7.0,4.0,4.0
2025-12-07 15:00:00,ST_RIYADH_STREET_01,SKU_503,6,7.0,1.0,1.0
2025-12-07 16:00:00,ST_RIYADH_STREET_01,SKU_503,0,7.0,7.0,7.0
2025-12-07 17:00:00,ST_RIYADH_STREET_01,SKU_503,1,7.0,6.0,6.0
2025-12-07 18:00:00,ST_RIYADH_STREET_01,SKU_503,4,7.0,3.0,3.0
2025-12-07 19:00:00,ST_RIYADH_STREET_01,SKU_503,3,7.0,4.0,4.0
2025-12-07 20:00:00,ST_RIYADH_STREET_01,SKU_503,3,7.0,4.0,4.0
2025-12-07 21:00:00,ST_RIYADH_STREET_01,SKU_503,3,7.0,4.0,4.0
2025-12-07 22:00:00,ST_RIYADH_STREET_01,SKU_503,1,6.0,5.0,5.0
2025-12-07 23:00:00,ST_RIYADH_STREET_01,SKU_503,0,6.0,6.0,6.0
